o convex_0
v 0.069254 -0.007433 0.009225
v 0.070433 0.022031 0.023367
v 0.070433 0.022031 0.022188
v 0.072789 -0.012145 0.023367
v 0.069254 -0.022754 0.023367
v 0.072789 0.006710 0.018652
v 0.069254 0.016135 0.013940
v 0.070433 -0.007433 0.009225
v 0.069254 0.022031 0.023367
v 0.070433 0.009064 0.010404
v 0.070433 -0.021575 0.019829
v 0.072789 0.011422 0.023367
v 0.072789 -0.005074 0.017474
v 0.070433 0.016135 0.013940
v 0.070433 -0.013325 0.011584
v 0.071610 0.004351 0.012760
v 0.069254 0.005530 0.009225
v 0.069254 -0.013325 0.011584
v 0.071610 -0.013325 0.016296
v 0.070433 -0.022754 0.023367
v 0.071610 0.012602 0.016296
v 0.070433 0.005530 0.009225
v 0.071610 -0.018037 0.021008
v 0.069254 -0.021575 0.019829
v 0.071610 0.017314 0.022188
v 0.072789 -0.009787 0.019829
v 0.071610 -0.009787 0.013940
v 0.069254 0.020852 0.019829
v 0.071610 -0.005074 0.012760
v 0.072789 0.011422 0.022188
v 0.070433 0.020852 0.019829
v 0.072789 0.001993 0.017474
v 0.071610 0.014956 0.018652
f 31 25 33 
f 4 2 5 
f 1 5 7 
f 2 3 9 
f 5 2 9 
f 7 5 9 
f 2 4 12 
f 4 6 12 
f 6 4 13 
f 10 7 14 
f 1 8 15 
f 1 7 17 
f 8 1 17 
f 7 10 17 
f 5 1 18 
f 1 15 18 
f 15 11 18 
f 11 15 19 
f 4 5 20 
f 5 11 20 
f 10 14 21 
f 6 16 21 
f 16 10 21 
f 10 16 22 
f 16 8 22 
f 8 17 22 
f 17 10 22 
f 11 19 23 
f 4 20 23 
f 20 11 23 
f 11 5 24 
f 5 18 24 
f 18 11 24 
f 3 2 25 
f 2 12 25 
f 13 4 26 
f 4 23 26 
f 23 19 26 
f 15 8 27 
f 19 15 27 
f 13 26 27 
f 26 19 27 
f 9 3 28 
f 7 9 28 
f 14 7 28 
f 8 16 29 
f 16 13 29 
f 27 8 29 
f 13 27 29 
f 12 6 30 
f 6 21 30 
f 25 12 30 
f 3 25 31 
f 28 3 31 
f 14 28 31 
f 6 13 32 
f 16 6 32 
f 13 16 32 
f 21 14 33 
f 30 21 33 
f 25 30 33 
f 14 31 33 
o convex_1
v 0.078680 0.017313 0.029259
v 0.069254 -0.040433 0.025726
v 0.070434 -0.035718 0.024547
v 0.069254 0.039710 0.025726
v 0.079859 -0.007430 0.024547
v 0.071613 -0.028642 0.030439
v 0.070434 0.030280 0.030439
v 0.078680 -0.009783 0.030439
v 0.069254 0.023204 0.023367
v 0.077503 0.019674 0.024547
v 0.075146 -0.032180 0.028080
v 0.069254 -0.040433 0.029259
v 0.069254 -0.023927 0.023367
v 0.081039 -0.009783 0.025726
v 0.069254 0.038525 0.029259
v 0.073969 0.003169 0.023367
v 0.075146 0.030280 0.028080
v 0.081039 0.001992 0.028080
v 0.075146 -0.032180 0.025726
v 0.073969 0.027919 0.030439
v 0.077503 -0.023927 0.029259
v 0.070434 0.037348 0.024547
v 0.079859 0.011421 0.025726
v 0.078680 0.007883 0.030439
v 0.081039 -0.009783 0.028080
v 0.077503 0.023204 0.025726
v 0.072790 -0.033357 0.024547
v 0.070434 -0.040433 0.029259
v 0.072790 -0.014498 0.023367
v 0.078680 -0.021574 0.026903
v 0.070434 0.039710 0.025726
v 0.073969 -0.027465 0.030439
v 0.071613 -0.039248 0.025726
v 0.070434 0.038525 0.029259
v 0.081039 0.001992 0.025726
v 0.070434 0.023204 0.023367
v 0.075146 0.030280 0.025726
v 0.077503 -0.025104 0.025726
v 0.078680 0.012598 0.024547
v 0.073969 0.030280 0.024547
v 0.075146 0.029096 0.029259
v 0.070434 -0.023927 0.023367
v 0.079859 0.010245 0.029259
v 0.072790 0.013775 0.023367
v 0.077503 0.016136 0.030439
v 0.070434 0.039710 0.028080
v 0.079859 -0.013321 0.029259
v 0.073969 -0.033357 0.029259
v 0.078680 0.018489 0.028080
v 0.078680 -0.021574 0.028080
v 0.069254 0.037348 0.024547
v 0.077503 0.022027 0.029259
v 0.077503 0.023204 0.028080
v 0.071613 -0.039248 0.028080
v 0.078680 0.018489 0.025726
v 0.071613 -0.035718 0.024547
v 0.073969 -0.002715 0.023367
f 62 49 90 
f 40 39 41 
f 35 37 42 
f 37 35 45 
f 39 40 45 
f 36 35 46 
f 35 42 46 
f 37 45 48 
f 45 40 48 
f 46 42 49 
f 40 41 53 
f 41 51 57 
f 53 41 57 
f 51 41 58 
f 47 51 58 
f 45 35 61 
f 39 45 61 
f 46 49 62 
f 44 52 63 
f 47 58 63 
f 55 37 64 
f 41 39 65 
f 54 41 65 
f 39 61 65 
f 52 44 66 
f 61 35 66 
f 48 40 67 
f 40 53 67 
f 47 38 68 
f 51 47 68 
f 56 51 68 
f 49 42 69 
f 42 55 69 
f 50 59 70 
f 59 43 70 
f 64 50 70 
f 38 47 71 
f 60 38 71 
f 52 60 71 
f 63 52 71 
f 47 63 71 
f 38 49 72 
f 43 56 72 
f 68 38 72 
f 56 68 72 
f 55 64 73 
f 43 69 73 
f 69 55 73 
f 70 43 73 
f 64 70 73 
f 67 53 74 
f 50 67 74 
f 36 46 75 
f 38 60 75 
f 62 38 75 
f 46 62 75 
f 51 56 76 
f 57 51 76 
f 69 43 77 
f 49 69 77 
f 72 49 77 
f 43 72 77 
f 53 57 78 
f 76 34 78 
f 57 76 78 
f 37 48 79 
f 64 37 79 
f 50 64 79 
f 48 67 79 
f 67 50 79 
f 41 54 80 
f 58 41 80 
f 44 54 81 
f 61 44 81 
f 54 65 81 
f 65 61 81 
f 34 76 82 
f 76 56 82 
f 54 44 83 
f 44 63 83 
f 63 58 83 
f 80 54 83 
f 58 80 83 
f 42 37 84 
f 37 55 84 
f 55 42 84 
f 50 74 85 
f 74 53 85 
f 53 78 85 
f 78 34 85 
f 34 82 85 
f 85 82 86 
f 59 50 86 
f 82 59 86 
f 50 85 86 
f 44 61 87 
f 66 44 87 
f 61 66 87 
f 56 43 88 
f 43 59 88 
f 59 82 88 
f 82 56 88 
f 35 36 89 
f 60 52 89 
f 66 35 89 
f 52 66 89 
f 36 75 89 
f 75 60 89 
f 49 38 90 
f 38 62 90 
o convex_2
v -0.032100 0.038530 -0.021418
v -0.049781 0.003174 -0.022597
v -0.046244 0.003174 -0.026132
v -0.013246 0.003174 -0.022597
v -0.013246 0.043242 -0.026132
v -0.013246 0.046781 -0.021418
v -0.013246 0.003174 -0.024953
v -0.039170 0.025567 -0.026132
v -0.049781 0.006713 -0.021418
v -0.045060 0.022032 -0.022597
v -0.022676 0.042064 -0.024953
v -0.046244 0.003174 -0.021418
v -0.035633 0.004357 -0.026132
v -0.030927 0.034991 -0.026132
v -0.013246 0.033813 -0.026132
v -0.046244 0.012603 -0.024953
v -0.037994 0.032631 -0.022597
v -0.020320 0.045599 -0.022597
v -0.043887 0.024389 -0.021418
v -0.013246 0.043242 -0.021418
v -0.027394 0.042064 -0.022597
v -0.042707 0.019676 -0.026132
v -0.047421 0.016142 -0.022597
v -0.020320 0.045599 -0.021418
v -0.034457 0.033813 -0.024953
v -0.016783 0.046781 -0.022597
v -0.019139 0.042064 -0.026132
v -0.049781 0.006713 -0.022597
v -0.039170 0.027923 -0.024953
v -0.032100 0.038530 -0.022597
v -0.043887 0.024389 -0.022597
v -0.047421 0.016142 -0.021418
v -0.037994 0.032631 -0.021418
v -0.013246 0.046781 -0.022597
v -0.049781 0.003174 -0.021418
v -0.016783 0.044421 -0.024953
v -0.036810 0.003174 -0.026132
v -0.027394 0.042064 -0.021418
v -0.046244 0.004357 -0.026132
f 118 106 129 
f 92 93 94 
f 94 95 96 
f 94 93 97 
f 95 94 97 
f 95 93 98 
f 96 91 99 
f 92 94 102 
f 96 99 102 
f 93 95 103 
f 95 98 104 
f 95 97 105 
f 103 95 105 
f 97 103 105 
f 99 91 109 
f 94 96 110 
f 102 94 110 
f 96 102 110 
f 101 104 111 
f 108 101 111 
f 98 93 112 
f 112 106 113 
f 100 112 113 
f 91 96 114 
f 108 111 114 
f 104 98 115 
f 114 96 116 
f 108 114 116 
f 95 104 117 
f 104 101 117 
f 93 92 118 
f 92 99 118 
f 113 106 118 
f 99 113 118 
f 98 112 119 
f 115 98 119 
f 107 115 119 
f 107 91 120 
f 111 104 120 
f 91 111 120 
f 104 115 120 
f 115 107 120 
f 100 109 121 
f 109 107 121 
f 112 100 121 
f 107 119 121 
f 119 112 121 
f 99 109 122 
f 109 100 122 
f 113 99 122 
f 100 113 122 
f 91 107 123 
f 109 91 123 
f 107 109 123 
f 96 95 124 
f 95 116 124 
f 116 96 124 
f 99 92 125 
f 92 102 125 
f 102 99 125 
f 101 108 126 
f 116 95 126 
f 108 116 126 
f 95 117 126 
f 117 101 126 
f 97 93 127 
f 93 103 127 
f 103 97 127 
f 111 91 128 
f 91 114 128 
f 114 111 128 
f 112 93 129 
f 106 112 129 
f 93 118 129 
o convex_3
v -0.053317 -0.042793 -0.000207
v -0.035638 -0.059287 0.012760
v -0.036817 -0.058108 0.012760
v -0.035638 -0.041613 -0.016704
v -0.055670 -0.041613 0.012760
v -0.039178 -0.060464 0.008042
v -0.036817 -0.054574 -0.004916
v -0.056849 -0.046329 0.012760
v -0.035638 -0.041613 -0.011985
v -0.046250 -0.056931 0.011581
v -0.040357 -0.042793 -0.014345
v -0.035638 -0.062823 0.012760
v -0.045071 -0.049863 -0.002560
v -0.058031 -0.041613 0.008042
v -0.053317 -0.048685 0.008042
v -0.035638 -0.058108 0.000973
v -0.050956 -0.041613 -0.003737
v -0.046250 -0.053394 0.004509
v -0.037999 -0.045149 -0.014345
v -0.050956 -0.042793 -0.003737
v -0.041531 -0.060464 0.012760
v -0.059210 -0.042793 0.011581
v -0.054491 -0.041613 0.011581
v -0.036817 -0.062823 0.010401
v -0.035638 -0.042793 -0.016704
v -0.041531 -0.055751 0.002150
v -0.058031 -0.042793 0.008042
v -0.037999 -0.051042 -0.008452
v -0.059210 -0.041613 0.012760
v -0.049777 -0.053394 0.010401
v -0.035638 -0.054574 -0.004916
v -0.040357 -0.041613 -0.014345
v -0.045071 -0.056931 0.009221
v -0.036817 -0.058108 0.000973
v -0.056849 -0.046329 0.011581
v -0.049777 -0.045149 -0.002560
v -0.041531 -0.060464 0.011581
v -0.046250 -0.056931 0.012760
v -0.042713 -0.051042 -0.003737
v -0.036817 -0.042793 -0.016704
v -0.035638 -0.062823 0.010401
v -0.053317 -0.046329 0.004509
v -0.048598 -0.053394 0.008042
f 162 159 172 
f 131 132 134 
f 131 134 137 
f 132 131 138 
f 131 133 138 
f 133 134 138 
f 133 131 141 
f 131 137 141 
f 134 133 143 
f 133 141 145 
f 130 143 146 
f 143 133 146 
f 144 142 147 
f 140 142 149 
f 130 146 149 
f 146 140 149 
f 141 137 150 
f 134 132 152 
f 132 138 152 
f 138 134 152 
f 141 150 153 
f 133 145 154 
f 143 130 156 
f 151 143 156 
f 142 140 157 
f 140 148 157 
f 137 134 158 
f 134 143 158 
f 151 137 158 
f 143 151 158 
f 145 136 160 
f 154 145 160 
f 136 157 160 
f 157 154 160 
f 140 146 161 
f 146 133 161 
f 155 135 162 
f 147 155 162 
f 139 159 162 
f 136 145 163 
f 153 135 163 
f 145 153 163 
f 135 155 163 
f 155 136 163 
f 139 137 164 
f 137 151 164 
f 156 144 164 
f 151 156 164 
f 159 139 164 
f 144 159 164 
f 149 142 165 
f 130 149 165 
f 150 139 166 
f 135 153 166 
f 153 150 166 
f 162 135 166 
f 139 162 166 
f 137 139 167 
f 139 150 167 
f 150 137 167 
f 147 142 168 
f 136 155 168 
f 155 147 168 
f 157 136 168 
f 142 157 168 
f 148 140 169 
f 133 154 169 
f 157 148 169 
f 154 157 169 
f 161 133 169 
f 140 161 169 
f 145 141 170 
f 153 145 170 
f 141 153 170 
f 142 144 171 
f 156 130 171 
f 144 156 171 
f 165 142 171 
f 130 165 171 
f 144 147 172 
f 159 144 172 
f 147 162 172 
o convex_4
v -0.014424 -0.041607 -0.026132
v -0.045067 -0.021572 -0.022597
v -0.041530 -0.028642 -0.022597
v -0.014424 0.003170 -0.022597
v -0.045067 0.003170 -0.026132
v -0.020321 -0.041607 -0.021418
v -0.045067 -0.010974 -0.021418
v -0.014424 0.003170 -0.024953
v -0.040352 -0.023930 -0.026132
v -0.045067 0.003170 -0.023775
v -0.026212 -0.041607 -0.023775
v -0.014424 -0.035712 -0.022597
v -0.034458 -0.036891 -0.021418
v -0.036815 0.003170 -0.026132
v -0.028570 -0.036891 -0.026132
v -0.032097 0.003170 -0.022597
v -0.045067 -0.010974 -0.026132
v -0.045067 -0.021572 -0.021418
v -0.014424 -0.036891 -0.026132
v -0.037994 -0.033358 -0.022597
v -0.014424 -0.041607 -0.023775
v -0.027394 -0.041607 -0.021418
v -0.020321 -0.041607 -0.026132
v -0.037994 -0.029821 -0.024953
v -0.034458 -0.036891 -0.022597
v -0.043888 -0.010974 -0.021418
v -0.045067 -0.016865 -0.024953
v -0.020321 -0.040428 -0.021418
v -0.041530 -0.028642 -0.021418
v -0.030921 -0.036891 -0.024953
v -0.029746 -0.040428 -0.022597
v -0.036815 -0.028642 -0.026132
v -0.042706 -0.019218 -0.026132
f 199 189 205 
f 177 174 179 
f 176 173 180 
f 177 176 180 
f 177 173 181 
f 176 177 182 
f 177 179 182 
f 173 178 183 
f 173 176 184 
f 176 178 184 
f 178 179 185 
f 173 177 186 
f 177 180 186 
f 181 173 187 
f 179 176 188 
f 176 182 188 
f 182 179 188 
f 174 177 189 
f 177 181 189 
f 174 175 190 
f 179 174 190 
f 185 179 190 
f 180 173 191 
f 173 186 191 
f 186 180 191 
f 178 173 193 
f 173 184 193 
f 184 178 193 
f 183 178 194 
f 178 185 194 
f 173 183 195 
f 187 173 195 
f 183 187 195 
f 175 181 196 
f 192 175 196 
f 185 192 197 
f 176 179 198 
f 179 178 198 
f 175 174 199 
f 181 175 199 
f 174 189 199 
f 178 176 200 
f 176 198 200 
f 198 178 200 
f 190 175 201 
f 185 190 201 
f 175 192 201 
f 192 185 201 
f 187 183 202 
f 196 187 202 
f 192 196 202 
f 197 192 202 
f 197 202 203 
f 183 194 203 
f 194 185 203 
f 185 197 203 
f 202 183 203 
f 181 187 204 
f 196 181 204 
f 187 196 204 
f 189 181 205 
f 181 199 205 
o convex_5
v 0.012686 -0.043963 -0.026132
v 0.040968 0.003169 -0.023775
v 0.040968 -0.019222 -0.021418
v -0.014424 0.003169 -0.022597
v -0.014424 -0.047495 -0.021418
v -0.014424 0.003169 -0.024953
v 0.040968 0.003169 -0.026132
v -0.014424 -0.042785 -0.026132
v 0.030352 -0.039248 -0.022597
v 0.038610 -0.023932 -0.026132
v 0.013858 -0.047495 -0.021418
v 0.030352 0.003169 -0.022597
v -0.002637 -0.048677 -0.023775
v 0.040968 -0.027464 -0.021418
v 0.031534 0.003169 -0.026132
v 0.028004 -0.035711 -0.026132
v -0.014424 -0.036893 -0.026132
v 0.040968 -0.019222 -0.026132
v -0.014424 -0.043963 -0.021418
v -0.009707 -0.045140 -0.026132
v 0.036251 -0.032179 -0.023775
v 0.013858 -0.047495 -0.022597
v 0.026822 -0.041603 -0.021418
v 0.024463 -0.040425 -0.024953
v -0.010878 -0.048677 -0.022597
v 0.002081 -0.047495 -0.024953
v 0.009157 -0.048677 -0.021418
v 0.040968 -0.027464 -0.022597
v 0.017387 -0.046318 -0.022597
v 0.009157 -0.048677 -0.022597
v 0.036251 -0.001546 -0.022597
v -0.012060 -0.046318 -0.024953
v 0.039786 -0.019222 -0.021418
v 0.037422 -0.032179 -0.021418
v 0.010333 -0.046318 -0.024953
v -0.010878 -0.048677 -0.021418
v 0.016216 -0.042785 -0.026132
v 0.006793 -0.045140 -0.026132
v 0.037422 -0.028641 -0.024953
v -0.014424 -0.047495 -0.022597
v -0.004990 -0.047495 -0.024953
v 0.028004 -0.038071 -0.024953
v 0.026822 -0.041603 -0.022597
v 0.037422 -0.032179 -0.022597
v 0.017387 -0.043963 -0.024953
v 0.023287 -0.039248 -0.026132
v 0.039786 -0.025109 -0.024953
v 0.035069 -0.028641 -0.026132
v 0.030352 -0.039248 -0.021418
f 239 228 254 
f 209 207 211 
f 210 209 211 
f 207 208 212 
f 211 207 212 
f 210 211 213 
f 212 206 213 
f 206 212 215 
f 208 210 216 
f 209 208 217 
f 207 209 217 
f 212 208 219 
f 208 216 219 
f 211 212 220 
f 212 213 220 
f 206 215 221 
f 213 211 222 
f 211 220 222 
f 220 213 222 
f 215 212 223 
f 212 219 223 
f 209 210 224 
f 210 208 224 
f 213 206 225 
f 219 216 228 
f 216 210 232 
f 227 216 232 
f 230 218 232 
f 223 219 233 
f 216 227 234 
f 228 216 234 
f 218 231 235 
f 227 232 235 
f 232 218 235 
f 208 207 236 
f 217 208 236 
f 207 217 236 
f 213 225 237 
f 208 209 238 
f 224 208 238 
f 209 224 238 
f 219 228 239 
f 233 219 239 
f 234 227 240 
f 227 235 240 
f 235 231 240 
f 210 230 241 
f 232 210 241 
f 230 232 241 
f 206 221 242 
f 240 206 242 
f 225 206 243 
f 231 225 243 
f 206 240 243 
f 240 231 243 
f 233 226 244 
f 210 213 245 
f 230 210 245 
f 213 237 245 
f 237 230 245 
f 218 230 246 
f 225 231 246 
f 231 218 246 
f 237 225 246 
f 230 237 246 
f 226 214 247 
f 221 226 247 
f 229 247 248 
f 214 228 248 
f 228 234 248 
f 247 214 248 
f 214 226 249 
f 226 233 249 
f 239 214 249 
f 233 239 249 
f 234 240 250 
f 242 229 250 
f 240 242 250 
f 229 248 250 
f 248 234 250 
f 242 221 251 
f 229 242 251 
f 221 247 251 
f 247 229 251 
f 215 223 252 
f 223 233 252 
f 244 215 252 
f 233 244 252 
f 221 215 253 
f 226 221 253 
f 215 244 253 
f 244 226 253 
f 228 214 254 
f 214 239 254 
o convex_6
v 0.064536 -0.036898 0.022189
v 0.040968 -0.069897 0.025724
v 0.040968 -0.069897 0.028081
v 0.068071 -0.045149 0.028081
v 0.063359 -0.033361 0.028081
v 0.040968 -0.058109 0.022189
v 0.040968 -0.061643 0.029260
v 0.053937 -0.060466 0.024547
v 0.069254 -0.033361 0.029260
v 0.050399 -0.064003 0.029260
v 0.062182 -0.033361 0.022189
v 0.069254 -0.040435 0.024547
v 0.042148 -0.061643 0.022189
v 0.040968 -0.058109 0.025724
v 0.061003 -0.054572 0.025724
v 0.044507 -0.068716 0.024547
v 0.063359 -0.051042 0.029260
v 0.069254 -0.033361 0.025724
v 0.056285 -0.048686 0.022189
v 0.050399 -0.065180 0.028081
v 0.065715 -0.033361 0.029260
v 0.069254 -0.041615 0.029260
v 0.062182 -0.033361 0.025724
v 0.043327 -0.068716 0.029260
v 0.065715 -0.033361 0.022189
v 0.058644 -0.055749 0.024547
v 0.068071 -0.045149 0.025724
v 0.051578 -0.064003 0.025724
v 0.046863 -0.058109 0.022189
v 0.061003 -0.054572 0.028081
v 0.040968 -0.068716 0.024547
v 0.061003 -0.034541 0.022189
v 0.042148 -0.069897 0.028081
v 0.040968 -0.068716 0.029260
v 0.069254 -0.042792 0.025724
v 0.059823 -0.043969 0.022189
v 0.040968 -0.061643 0.022189
v 0.069254 -0.038078 0.024547
v 0.051578 -0.062823 0.024547
f 283 262 293 
f 256 257 260 
f 260 257 261 
f 263 261 264 
f 255 260 265 
f 259 263 265 
f 260 255 267 
f 261 259 268 
f 260 261 268 
f 263 264 271 
f 265 263 272 
f 263 266 272 
f 267 255 273 
f 271 264 274 
f 259 261 275 
f 263 259 275 
f 261 263 275 
f 266 263 276 
f 271 258 276 
f 263 271 276 
f 259 265 277 
f 268 259 277 
f 264 261 278 
f 274 264 278 
f 255 265 279 
f 266 255 279 
f 265 272 279 
f 269 262 280 
f 262 273 280 
f 258 269 281 
f 280 266 281 
f 269 280 281 
f 262 269 282 
f 274 270 282 
f 270 267 283 
f 273 262 283 
f 267 273 283 
f 269 258 284 
f 258 271 284 
f 271 274 284 
f 282 269 284 
f 274 282 284 
f 256 260 285 
f 270 256 285 
f 267 270 285 
f 265 260 286 
f 260 268 286 
f 277 265 286 
f 268 277 286 
f 257 256 287 
f 256 270 287 
f 270 274 287 
f 278 257 287 
f 274 278 287 
f 261 257 288 
f 257 278 288 
f 278 261 288 
f 266 276 289 
f 276 258 289 
f 258 281 289 
f 281 266 289 
f 255 266 290 
f 273 255 290 
f 266 280 290 
f 280 273 290 
f 260 267 291 
f 285 260 291 
f 267 285 291 
f 272 266 292 
f 266 279 292 
f 279 272 292 
f 262 282 293 
f 282 270 293 
f 270 283 293 
o convex_7
v -0.043892 0.031460 -0.019059
v -0.059210 0.003174 -0.013169
v -0.059210 0.003174 -0.011990
v -0.047424 0.003174 -0.021417
v -0.036817 0.030280 -0.019059
v -0.049777 0.031460 -0.011990
v -0.055670 0.003174 -0.011990
v -0.048598 0.017317 -0.021417
v -0.054491 0.024386 -0.013169
v -0.046250 0.029101 -0.011990
v -0.035638 0.031460 -0.021417
v -0.050956 0.003174 -0.021417
v -0.047424 0.004354 -0.019059
v -0.055670 0.010246 -0.016703
v -0.035638 0.029101 -0.020239
v -0.042713 0.029101 -0.021417
v -0.058031 0.013784 -0.011990
v -0.048598 0.029101 -0.016703
v -0.046250 0.031460 -0.011990
v -0.050956 0.022029 -0.017882
v -0.058031 0.013784 -0.013169
v -0.052135 0.029101 -0.013169
v -0.050956 0.006713 -0.021417
v -0.054491 0.024386 -0.011990
v -0.059210 0.007892 -0.013169
v -0.035638 0.029101 -0.021417
v -0.047424 0.003174 -0.020239
v -0.053317 0.014961 -0.017882
v -0.040357 0.031460 -0.021417
v -0.054491 0.022029 -0.014347
v -0.042713 0.030280 -0.014347
v -0.036817 0.031460 -0.019059
v -0.049777 0.031460 -0.013169
v -0.046250 0.025565 -0.020239
v -0.050956 0.013784 -0.020239
v -0.046250 0.005533 -0.020239
f 306 320 329 
f 296 295 297 
f 296 297 300 
f 299 296 300 
f 299 300 303 
f 294 299 304 
f 297 301 304 
f 297 295 305 
f 301 297 305 
f 300 306 308 
f 304 301 309 
f 296 299 310 
f 294 309 311 
f 299 303 312 
f 304 299 312 
f 310 302 314 
f 294 311 315 
f 311 313 315 
f 305 295 316 
f 301 305 316 
f 310 299 317 
f 302 310 317 
f 299 315 317 
f 315 302 317 
f 295 296 318 
f 296 310 318 
f 314 307 318 
f 310 314 318 
f 316 295 318 
f 307 316 318 
f 297 304 319 
f 304 308 319 
f 300 297 320 
f 306 300 320 
f 313 301 321 
f 307 314 321 
f 294 304 322 
f 309 294 322 
f 304 309 322 
f 314 302 323 
f 302 315 323 
f 315 313 323 
f 313 321 323 
f 321 314 323 
f 303 300 324 
f 308 298 324 
f 300 308 324 
f 312 303 324 
f 312 324 325 
f 298 308 325 
f 308 304 325 
f 304 312 325 
f 324 298 325 
f 299 294 326 
f 294 315 326 
f 315 299 326 
f 309 301 327 
f 311 309 327 
f 301 313 327 
f 313 311 327 
f 301 316 328 
f 316 307 328 
f 321 301 328 
f 307 321 328 
f 308 306 329 
f 297 319 329 
f 319 308 329 
f 320 297 329 
o convex_8
v -0.041527 0.032642 -0.020239
v -0.013246 0.056207 -0.011990
v -0.013246 0.052671 -0.011990
v -0.049781 0.031462 -0.011990
v -0.013246 0.044423 -0.020239
v -0.029747 0.049137 -0.015526
v -0.016783 0.047957 -0.021417
v -0.041527 0.031462 -0.014347
v -0.034457 0.031462 -0.021417
v -0.037994 0.045600 -0.011990
v -0.036810 0.036176 -0.021417
v -0.021500 0.055027 -0.013169
v -0.047421 0.034998 -0.014347
v -0.013246 0.052671 -0.017882
v -0.045060 0.031462 -0.011990
v -0.037994 0.043246 -0.015526
v -0.027394 0.043246 -0.021417
v -0.013246 0.044423 -0.021417
v -0.036810 0.031462 -0.017882
v -0.045060 0.031462 -0.017882
v -0.033277 0.049137 -0.013169
v -0.021500 0.055027 -0.011990
v -0.021500 0.049137 -0.019059
v -0.043887 0.036176 -0.016703
v -0.046244 0.037355 -0.013169
v -0.016783 0.056207 -0.013169
v -0.039170 0.031462 -0.021417
v -0.013246 0.047957 -0.021417
v -0.036810 0.039712 -0.019059
v -0.034457 0.031462 -0.020239
v -0.037994 0.045600 -0.013169
v -0.049781 0.032642 -0.013169
v -0.014426 0.052671 -0.017882
v -0.046244 0.037355 -0.011990
v -0.045060 0.032642 -0.017882
v -0.030927 0.045600 -0.017882
v -0.026213 0.045600 -0.020239
v -0.027394 0.051494 -0.014347
v -0.033277 0.049137 -0.011990
v -0.013246 0.056207 -0.013169
v -0.020320 0.046780 -0.021417
v -0.037994 0.034998 -0.021417
v -0.027394 0.049137 -0.016703
f 367 352 372 
f 332 331 333 
f 331 332 334 
f 337 333 338 
f 333 331 339 
f 336 338 340 
f 331 334 343 
f 332 333 344 
f 334 332 344 
f 333 337 344 
f 337 334 344 
f 336 340 346 
f 334 338 347 
f 338 336 347 
f 343 334 347 
f 334 337 348 
f 337 338 348 
f 338 333 349 
f 335 345 350 
f 339 331 351 
f 341 350 351 
f 345 353 354 
f 353 342 354 
f 351 331 355 
f 341 351 355 
f 340 338 356 
f 349 330 356 
f 338 349 356 
f 336 343 357 
f 347 336 357 
f 343 347 357 
f 346 340 358 
f 353 345 358 
f 338 334 359 
f 334 348 359 
f 348 338 359 
f 339 350 360 
f 350 345 360 
f 345 354 360 
f 354 339 360 
f 349 333 361 
f 354 342 361 
f 343 336 362 
f 352 341 362 
f 336 352 362 
f 355 343 362 
f 341 355 362 
f 333 339 363 
f 339 354 363 
f 361 333 363 
f 354 361 363 
f 330 349 364 
f 342 353 364 
f 349 361 364 
f 361 342 364 
f 345 335 365 
f 358 345 365 
f 346 358 365 
f 346 365 366 
f 335 350 367 
f 350 341 367 
f 341 352 367 
f 350 339 368 
f 339 351 368 
f 351 350 368 
f 331 343 369 
f 355 331 369 
f 343 355 369 
f 336 346 370 
f 352 336 370 
f 346 366 370 
f 366 352 370 
f 356 330 371 
f 340 356 371 
f 358 340 371 
f 353 358 371 
f 330 364 371 
f 364 353 371 
f 365 335 372 
f 352 366 372 
f 366 365 372 
f 335 367 372 
o convex_9
v 0.042146 0.024392 -0.022597
v 0.002077 0.049138 -0.021418
v 0.002077 0.049138 -0.022597
v -0.013246 0.003174 -0.022597
v -0.013246 0.044423 -0.026132
v 0.043325 0.003174 -0.026132
v 0.043325 0.012609 -0.021418
v 0.024465 0.038524 -0.026132
v -0.013246 0.003174 -0.024953
v -0.013246 0.046781 -0.021418
v 0.029183 0.039708 -0.021418
v 0.029183 0.003174 -0.022597
v 0.037422 0.025576 -0.026132
v -0.013246 0.033814 -0.026132
v 0.011507 0.044423 -0.026132
v 0.018573 0.045597 -0.022597
v 0.031536 0.003174 -0.026132
v 0.043325 0.005532 -0.022597
v 0.043325 0.017324 -0.024953
v -0.013246 0.043244 -0.021418
v 0.036248 0.030273 -0.024953
v 0.043325 0.022039 -0.021418
v -0.007343 0.049138 -0.022597
v 0.003256 0.045597 -0.026132
v 0.029183 0.039708 -0.022597
v 0.038607 0.030273 -0.022597
v 0.011507 0.047959 -0.021418
v 0.043325 0.003174 -0.023775
v 0.011507 0.047959 -0.022597
v 0.042146 0.016141 -0.026132
v 0.042146 0.020856 -0.024953
v 0.042146 0.012609 -0.021418
v 0.038607 0.030273 -0.021418
v 0.029183 0.034988 -0.026132
v -0.008528 0.046781 -0.024953
v -0.012066 0.047959 -0.022597
v 0.018573 0.043244 -0.024953
v -0.007343 0.049138 -0.021418
v 0.030356 0.036171 -0.024953
v 0.025644 0.040887 -0.023775
v 0.012686 0.045597 -0.024953
v 0.005615 0.046781 -0.024953
v 0.020932 0.044423 -0.021418
v 0.025644 0.042061 -0.022597
v 0.043325 0.011426 -0.026132
v -0.004989 0.045597 -0.026132
v 0.043325 0.022039 -0.022597
v 0.040966 0.026737 -0.022597
f 398 405 420 
f 378 377 380 
f 376 377 381 
f 378 376 381 
f 377 376 382 
f 379 374 382 
f 374 379 383 
f 376 378 384 
f 379 376 384 
f 378 380 385 
f 377 378 386 
f 381 377 386 
f 380 377 387 
f 378 381 389 
f 386 378 389 
f 381 386 389 
f 378 379 390 
f 379 384 390 
f 379 378 391 
f 382 376 392 
f 379 382 392 
f 383 379 394 
f 379 391 394 
f 374 375 395 
f 387 377 396 
f 397 383 398 
f 375 374 399 
f 374 383 399 
f 384 378 400 
f 378 390 400 
f 390 384 400 
f 375 399 401 
f 399 388 401 
f 378 385 402 
f 391 402 403 
f 385 393 403 
f 402 385 403 
f 376 379 404 
f 392 376 404 
f 379 392 404 
f 383 394 405 
f 398 383 405 
f 385 380 406 
f 393 385 406 
f 395 375 407 
f 377 382 408 
f 395 407 408 
f 407 377 408 
f 380 387 409 
f 382 374 410 
f 374 395 410 
f 408 382 410 
f 395 408 410 
f 398 393 411 
f 397 398 411 
f 406 380 411 
f 393 406 411 
f 380 409 412 
f 409 388 412 
f 411 380 412 
f 397 411 412 
f 401 388 413 
f 409 387 413 
f 388 409 413 
f 387 396 414 
f 375 401 414 
f 407 375 414 
f 396 407 414 
f 413 387 414 
f 401 413 414 
f 399 383 415 
f 388 399 415 
f 383 397 416 
f 412 388 416 
f 397 412 416 
f 415 383 416 
f 388 415 416 
f 391 378 417 
f 378 402 417 
f 402 391 417 
f 396 377 418 
f 377 407 418 
f 407 396 418 
f 373 394 419 
f 394 391 419 
f 391 403 419 
f 403 373 419 
f 394 373 420 
f 393 398 420 
f 373 403 420 
f 403 393 420 
f 405 394 420 
o convex_10
v 0.053936 0.003174 -0.016699
v 0.058645 0.031460 0.002153
v 0.055107 0.031460 0.002153
v 0.043325 0.030280 -0.017879
v 0.043325 0.003174 -0.022591
v 0.063359 0.003174 0.002153
v 0.062180 0.014961 -0.004921
v 0.044505 0.013784 -0.024953
v 0.052757 0.029101 -0.010813
v 0.043325 0.029101 -0.013166
v 0.065718 0.003174 -0.001388
v 0.064539 0.018494 0.000974
v 0.057468 0.013784 -0.011990
v 0.053936 0.030280 0.000974
v 0.043325 0.003174 -0.026132
v 0.057468 0.031460 -0.002565
v 0.046863 0.031460 -0.015520
v 0.058645 0.006713 -0.011990
v 0.049222 0.022029 -0.017879
v 0.045686 0.010246 -0.024953
v 0.065718 0.012605 0.002153
v 0.059822 0.023209 -0.004921
v 0.043325 0.031460 -0.013166
v 0.062180 0.025565 0.000974
v 0.055107 0.018494 -0.013166
v 0.044505 0.023209 -0.021414
v 0.044505 0.003174 -0.026132
v 0.065718 0.003174 0.002153
v 0.043325 0.013784 -0.024953
v 0.062180 0.003174 -0.007280
v 0.065718 0.010246 -0.000206
v 0.061003 0.009069 -0.008454
v 0.062180 0.025565 0.002153
v 0.053936 0.024386 -0.011990
v 0.055107 0.014961 -0.014346
v 0.055107 0.031460 -0.006098
v 0.057468 0.017317 -0.010813
v 0.059822 0.030280 0.000974
v 0.055107 0.009069 -0.015520
v 0.058645 0.003174 -0.011990
v 0.062180 0.005533 -0.007280
v 0.061003 0.022029 -0.003744
v 0.064539 0.013784 -0.001388
v 0.056286 0.025565 -0.008454
v 0.048040 0.018494 -0.020235
v 0.044505 0.030280 -0.017879
v 0.043325 0.031460 -0.016699
v 0.059822 0.011425 -0.009633
v 0.055107 0.030280 0.002153
v 0.062180 0.011425 -0.006098
v 0.044505 0.005533 -0.026132
v 0.043325 0.023209 -0.021414
v 0.044505 0.017317 -0.023773
f 472 446 473 
f 422 423 426 
f 425 421 426 
f 424 425 430 
f 426 421 431 
f 425 426 434 
f 430 425 434 
f 421 425 435 
f 425 424 435 
f 423 422 436 
f 423 436 437 
f 437 429 439 
f 422 426 441 
f 424 430 443 
f 434 423 443 
f 430 434 443 
f 423 437 443 
f 442 436 444 
f 437 439 446 
f 421 435 447 
f 440 421 447 
f 426 431 448 
f 441 426 448 
f 431 441 448 
f 435 424 449 
f 431 421 450 
f 441 431 451 
f 432 441 451 
f 422 441 453 
f 441 432 453 
f 432 444 453 
f 439 429 454 
f 445 439 454 
f 439 445 455 
f 429 437 456 
f 437 436 456 
f 436 442 456 
f 445 454 457 
f 433 455 457 
f 455 445 457 
f 436 422 458 
f 444 436 458 
f 422 453 458 
f 453 444 458 
f 433 438 459 
f 438 440 459 
f 455 433 459 
f 440 455 459 
f 421 440 460 
f 440 438 460 
f 450 421 460 
f 438 450 460 
f 431 450 461 
f 450 438 461 
f 451 431 461 
f 438 452 461 
f 444 432 462 
f 442 444 462 
f 427 457 462 
f 457 442 462 
f 432 451 463 
f 427 462 463 
f 462 432 463 
f 454 429 464 
f 429 456 464 
f 456 442 464 
f 442 457 464 
f 457 454 464 
f 440 428 465 
f 455 440 465 
f 439 455 465 
f 446 424 466 
f 437 446 466 
f 424 443 467 
f 443 437 467 
f 466 424 467 
f 437 466 467 
f 438 433 468 
f 452 438 468 
f 457 427 468 
f 433 457 468 
f 426 423 469 
f 423 434 469 
f 434 426 469 
f 451 461 470 
f 461 452 470 
f 463 451 470 
f 427 463 470 
f 468 427 470 
f 452 468 470 
f 428 440 471 
f 447 435 471 
f 440 447 471 
f 435 449 471 
f 449 428 471 
f 424 446 472 
f 449 424 472 
f 449 472 473 
f 446 439 473 
f 428 449 473 
f 465 428 473 
f 439 465 473 
o convex_11
v 0.066895 0.003174 0.002153
v 0.069254 0.031460 0.029260
v 0.069254 0.031460 0.026899
v 0.056289 0.031460 0.004512
v 0.068075 0.003174 0.015120
v 0.063360 0.024386 0.002153
v 0.064539 0.030280 0.028079
v 0.069254 0.014961 0.009230
v 0.063360 0.004354 0.003334
v 0.059827 0.031460 0.002153
v 0.069254 0.020850 0.028079
v 0.069254 0.003174 0.006868
v 0.056289 0.029101 0.002153
v 0.065716 0.026742 0.009230
v 0.063360 0.030280 0.025723
v 0.056289 0.030280 0.004512
v 0.066895 0.009069 0.002153
v 0.069254 0.003174 0.015120
v 0.068075 0.020850 0.028079
v 0.065716 0.031460 0.029260
v 0.064539 0.003174 0.002153
v 0.063360 0.031460 0.009230
v 0.068075 0.024386 0.013942
v 0.066895 0.018494 0.005690
v 0.069254 0.009069 0.006868
v 0.064539 0.003174 0.005690
v 0.068075 0.025565 0.029260
v 0.065716 0.016140 0.002153
v 0.063360 0.031460 0.025723
v 0.068075 0.017317 0.025723
v 0.066895 0.022029 0.008046
v 0.063360 0.004354 0.002153
v 0.056289 0.031460 0.002153
v 0.064539 0.030280 0.010408
v 0.069254 0.023209 0.017471
v 0.056289 0.029101 0.003334
v 0.066895 0.026742 0.012764
v 0.065716 0.030280 0.029260
v 0.069254 0.025565 0.029260
f 500 484 512 
f 475 476 477 
f 476 475 481 
f 477 476 483 
f 479 474 483 
f 481 475 484 
f 481 484 485 
f 478 474 485 
f 483 474 486 
f 482 488 489 
f 477 486 489 
f 488 477 489 
f 474 479 490 
f 485 474 490 
f 485 484 491 
f 478 485 491 
f 475 477 493 
f 474 478 494 
f 486 474 494 
f 483 476 495 
f 481 485 498 
f 485 490 498 
f 478 488 499 
f 488 482 499 
f 494 478 499 
f 482 494 499 
f 492 484 500 
f 475 493 500 
f 490 479 501 
f 497 481 501 
f 479 497 501 
f 498 490 501 
f 481 498 501 
f 477 488 502 
f 488 480 502 
f 493 477 502 
f 480 493 502 
f 480 488 503 
f 488 478 503 
f 478 491 503 
f 491 484 503 
f 492 480 503 
f 484 492 503 
f 479 487 504 
f 496 481 504 
f 487 496 504 
f 481 497 504 
f 497 479 504 
f 482 486 505 
f 494 482 505 
f 486 494 505 
f 477 483 506 
f 486 477 506 
f 483 486 506 
f 479 483 507 
f 487 479 507 
f 495 476 507 
f 483 495 507 
f 476 481 508 
f 496 476 508 
f 481 496 508 
f 486 482 509 
f 482 489 509 
f 489 486 509 
f 476 496 510 
f 496 487 510 
f 507 476 510 
f 487 507 510 
f 480 492 511 
f 493 480 511 
f 492 500 511 
f 500 493 511 
f 484 475 512 
f 475 500 512 
o convex_12
v 0.053935 0.059743 0.029260
v 0.043328 0.055026 0.021010
v 0.043328 0.055026 0.024547
v 0.069251 0.031463 0.026903
v 0.065714 0.046785 0.024547
v 0.062179 0.031463 0.021010
v 0.065714 0.031463 0.029260
v 0.045685 0.066812 0.024547
v 0.043328 0.059743 0.029260
v 0.069251 0.040892 0.029260
v 0.055112 0.049141 0.021010
v 0.065714 0.032643 0.021010
v 0.043328 0.067992 0.028081
v 0.069251 0.039712 0.024547
v 0.062179 0.052670 0.025723
v 0.063359 0.031463 0.026903
v 0.043328 0.058563 0.021010
v 0.050400 0.063275 0.024547
v 0.043328 0.057386 0.028081
v 0.053935 0.060919 0.028081
v 0.063359 0.050314 0.029260
v 0.044508 0.066812 0.029260
v 0.068071 0.044428 0.025723
v 0.069251 0.031463 0.029260
v 0.048043 0.056206 0.021010
v 0.062179 0.031463 0.023367
v 0.043328 0.066812 0.024547
v 0.062179 0.039712 0.021010
v 0.061002 0.052670 0.024547
v 0.044508 0.067992 0.028081
v 0.052755 0.062099 0.025723
v 0.065714 0.031463 0.021010
v 0.068071 0.044428 0.028081
v 0.062179 0.052670 0.028081
v 0.069251 0.036179 0.024547
v 0.043328 0.056206 0.026903
v 0.044508 0.067992 0.025723
v 0.069251 0.042068 0.025723
v 0.051577 0.062099 0.029260
v 0.063359 0.032643 0.028081
v 0.059824 0.043248 0.021010
v 0.069251 0.032643 0.025723
v 0.044508 0.058563 0.021010
v 0.043328 0.066812 0.029260
v 0.066894 0.045605 0.029260
f 545 546 557 
f 515 514 518 
f 518 516 519 
f 514 515 521 
f 519 513 521 
f 513 519 522 
f 518 514 523 
f 518 523 524 
f 514 521 525 
f 522 516 526 
f 518 519 528 
f 523 514 529 
f 514 525 529 
f 521 515 531 
f 519 521 531 
f 513 522 533 
f 532 513 533 
f 521 513 534 
f 526 517 535 
f 517 527 535 
f 519 516 536 
f 516 522 536 
f 522 519 536 
f 523 529 537 
f 530 523 537 
f 520 530 537 
f 515 518 538 
f 528 515 538 
f 518 528 538 
f 520 529 539 
f 529 525 539 
f 524 523 540 
f 517 526 540 
f 526 524 540 
f 517 523 541 
f 527 517 541 
f 523 530 541 
f 525 534 542 
f 530 520 543 
f 532 527 543 
f 527 541 543 
f 541 530 543 
f 542 532 543 
f 516 518 544 
f 518 524 544 
f 524 526 544 
f 535 527 545 
f 527 532 546 
f 532 533 546 
f 545 527 546 
f 526 516 547 
f 544 526 547 
f 515 528 548 
f 531 515 548 
f 528 531 548 
f 520 539 549 
f 539 525 549 
f 525 542 549 
f 543 520 549 
f 542 543 549 
f 522 526 550 
f 526 535 550 
f 545 522 550 
f 535 545 550 
f 513 532 551 
f 534 513 551 
f 532 542 551 
f 542 534 551 
f 528 519 552 
f 519 531 552 
f 531 528 552 
f 523 517 553 
f 517 540 553 
f 540 523 553 
f 516 544 554 
f 547 516 554 
f 544 547 554 
f 529 520 555 
f 537 529 555 
f 520 537 555 
f 525 521 556 
f 521 534 556 
f 534 525 556 
f 533 522 557 
f 522 545 557 
f 546 533 557 
o convex_13
v -0.035638 -0.048685 -0.006097
v -0.017961 -0.042792 -0.026132
v -0.019140 -0.043970 -0.024954
v -0.014424 -0.061645 -0.006097
v -0.014424 -0.041613 -0.022594
v -0.034459 -0.053395 -0.008454
v -0.035638 -0.041613 -0.016701
v -0.014424 -0.058109 -0.006097
v -0.015604 -0.059288 -0.010813
v -0.034459 -0.041613 -0.013169
v -0.027386 -0.051042 -0.015526
v -0.014424 -0.045149 -0.024954
v -0.035638 -0.043970 -0.016701
v -0.027386 -0.058109 -0.007275
v -0.035638 -0.053395 -0.006097
v -0.017961 -0.054573 -0.015526
v -0.021497 -0.041613 -0.024954
v -0.033279 -0.042792 -0.019060
v -0.034459 -0.048685 -0.006097
v -0.014424 -0.041613 -0.026132
v -0.016783 -0.061645 -0.007275
v -0.023856 -0.055752 -0.011990
v -0.027386 -0.058109 -0.006097
v -0.033279 -0.048685 -0.014349
v -0.014424 -0.059288 -0.010813
v -0.021497 -0.042792 -0.024954
v -0.016783 -0.056931 -0.006097
v -0.021497 -0.051042 -0.017882
v -0.035638 -0.041613 -0.013169
v -0.028566 -0.055752 -0.009633
v -0.030922 -0.047506 -0.016701
v -0.015604 -0.045149 -0.024954
v -0.035638 -0.053395 -0.007275
v -0.019140 -0.059288 -0.009633
v -0.033279 -0.041613 -0.019060
v -0.021497 -0.054573 -0.014349
v -0.032102 -0.055752 -0.007275
v -0.016783 -0.061645 -0.006097
f 580 578 595 
f 558 561 565 
f 561 562 565 
f 562 564 567 
f 562 561 569 
f 558 564 570 
f 561 558 572 
f 558 570 572 
f 564 562 574 
f 570 564 575 
f 558 565 576 
f 567 558 576 
f 569 559 577 
f 562 569 577 
f 559 574 577 
f 574 562 577 
f 561 572 580 
f 571 578 580 
f 570 575 581 
f 569 561 582 
f 566 569 582 
f 561 578 582 
f 578 566 582 
f 559 560 583 
f 560 568 583 
f 574 559 583 
f 575 574 583 
f 565 562 584 
f 562 567 584 
f 576 565 584 
f 567 576 584 
f 568 560 585 
f 564 558 586 
f 558 567 586 
f 567 564 586 
f 579 571 587 
f 568 579 587 
f 563 581 587 
f 581 568 587 
f 568 581 588 
f 581 575 588 
f 583 568 588 
f 575 583 588 
f 560 559 589 
f 559 569 589 
f 569 566 589 
f 566 573 589 
f 585 560 589 
f 573 585 589 
f 572 570 590 
f 581 563 590 
f 570 581 590 
f 566 578 591 
f 578 571 591 
f 571 579 591 
f 564 574 592 
f 575 564 592 
f 574 575 592 
f 573 566 593 
f 579 568 593 
f 568 585 593 
f 585 573 593 
f 566 591 593 
f 591 579 593 
f 580 572 594 
f 571 580 594 
f 563 587 594 
f 587 571 594 
f 590 563 594 
f 572 590 594 
f 578 561 595 
f 561 580 595 
o convex_14
v -0.016783 -0.068714 0.005687
v -0.034459 -0.049861 -0.004917
v -0.034459 -0.049861 -0.006097
v -0.035638 -0.064000 0.011581
v -0.014424 -0.067539 0.012760
v -0.014424 -0.061643 -0.006097
v -0.035638 -0.054579 -0.006097
v -0.035638 -0.059293 0.011581
v -0.015604 -0.058111 -0.004917
v -0.021497 -0.064000 -0.001382
v -0.014424 -0.071075 0.012760
v -0.027386 -0.067539 0.010403
v -0.033279 -0.060468 0.012760
v -0.033279 -0.062825 0.005687
v -0.026207 -0.059293 -0.006097
v -0.030922 -0.066359 0.012760
v -0.014424 -0.064000 -0.003738
v -0.035638 -0.049861 -0.004917
v -0.014424 -0.059293 -0.006097
v -0.034459 -0.051041 -0.002560
v -0.015604 -0.071075 0.011581
v -0.029745 -0.059293 -0.003738
v -0.025031 -0.066359 0.005687
v -0.017961 -0.062825 -0.004917
v -0.035638 -0.064000 0.012760
v -0.025031 -0.068714 0.011581
v -0.014424 -0.069894 0.008046
v -0.014424 -0.059293 -0.003738
v -0.035638 -0.058111 -0.000203
v -0.034459 -0.059293 0.011581
v -0.016783 -0.065182 -0.001382
v -0.026207 -0.062825 -0.000203
v -0.017961 -0.069894 0.009224
v -0.025031 -0.068714 0.012760
v -0.015604 -0.058111 -0.006097
v -0.019140 -0.061643 -0.006097
v -0.035638 -0.060468 0.012760
v -0.032102 -0.058111 -0.003738
v -0.030922 -0.066359 0.011581
f 621 611 634 
f 598 601 602 
f 602 599 603 
f 598 597 604 
f 601 600 606 
f 606 600 608 
f 602 601 610 
f 606 608 611 
f 601 606 612 
f 597 598 613 
f 598 602 613 
f 602 603 613 
f 600 601 614 
f 601 598 614 
f 604 597 615 
f 600 604 615 
f 597 613 615 
f 613 603 615 
f 602 610 617 
f 610 605 617 
f 605 596 618 
f 607 609 618 
f 605 610 619 
f 601 612 619 
f 603 599 620 
f 599 611 620 
f 611 608 620 
f 612 606 622 
f 616 596 622 
f 606 616 622 
f 604 600 623 
f 600 614 623 
f 614 604 623 
f 599 602 624 
f 609 599 624 
f 608 600 625 
f 603 608 625 
f 600 615 625 
f 615 603 625 
f 596 605 626 
f 605 619 626 
f 619 612 626 
f 622 596 626 
f 612 622 626 
f 609 617 627 
f 617 605 627 
f 605 618 627 
f 618 609 627 
f 596 616 628 
f 618 596 628 
f 607 618 628 
f 621 607 628 
f 616 621 628 
f 606 611 629 
f 616 606 629 
f 611 621 629 
f 621 616 629 
f 598 604 630 
f 614 598 630 
f 604 614 630 
f 610 601 631 
f 601 619 631 
f 619 610 631 
f 608 603 632 
f 603 620 632 
f 620 608 632 
f 602 617 633 
f 617 609 633 
f 624 602 633 
f 609 624 633 
f 599 609 634 
f 609 607 634 
f 611 599 634 
f 607 621 634 
o convex_15
v -0.022675 -0.071073 0.018651
v -0.034459 -0.060468 0.015119
v -0.034459 -0.060468 0.012760
v -0.015604 -0.067539 0.012760
v -0.014424 -0.069894 0.023367
v -0.042710 -0.061648 0.023367
v -0.040351 -0.061648 0.012760
v -0.016783 -0.071073 0.012760
v -0.014424 -0.073432 0.023367
v -0.037992 -0.060468 0.023367
v -0.030923 -0.068718 0.023367
v -0.029744 -0.067539 0.013940
v -0.040351 -0.064006 0.022188
v -0.042710 -0.060468 0.018651
v -0.014424 -0.071073 0.012760
v -0.015604 -0.067539 0.013940
v -0.025031 -0.071073 0.022188
v -0.015604 -0.073432 0.022188
v -0.040351 -0.060468 0.012760
v -0.019142 -0.071073 0.013940
v -0.042710 -0.061648 0.018651
v -0.032100 -0.067539 0.018651
v -0.028567 -0.067539 0.012760
v -0.014424 -0.068718 0.012760
v -0.042710 -0.060468 0.023367
v -0.037992 -0.064006 0.016298
v -0.025031 -0.071073 0.023367
v -0.020319 -0.072253 0.021009
v -0.015604 -0.072253 0.016298
v -0.040351 -0.064006 0.023367
v -0.030923 -0.068718 0.022188
v -0.036815 -0.060468 0.021009
v -0.027390 -0.068718 0.015119
f 665 656 667 
f 637 636 638 
f 637 638 641 
f 641 638 642 
f 639 640 643 
f 636 637 644 
f 640 639 644 
f 643 640 645 
f 644 637 648 
f 642 638 649 
f 639 643 649 
f 638 636 650 
f 644 639 650 
f 637 641 653 
f 648 637 653 
f 641 648 653 
f 647 640 655 
f 641 647 655 
f 648 641 655 
f 640 648 655 
f 641 642 657 
f 646 641 657 
f 642 654 657 
f 649 638 658 
f 639 649 658 
f 638 650 658 
f 650 639 658 
f 640 644 659 
f 648 640 659 
f 644 648 659 
f 641 646 660 
f 647 641 660 
f 646 656 660 
f 656 647 660 
f 643 645 661 
f 645 651 661 
f 652 643 661 
f 652 661 662 
f 651 635 662 
f 635 654 662 
f 661 651 662 
f 662 654 663 
f 642 649 663 
f 649 643 663 
f 643 652 663 
f 654 642 663 
f 652 662 663 
f 645 640 664 
f 647 645 664 
f 640 647 664 
f 645 647 665 
f 651 645 665 
f 647 656 665 
f 636 644 666 
f 650 636 666 
f 644 650 666 
f 635 651 667 
f 654 635 667 
f 656 646 667 
f 646 657 667 
f 657 654 667 
f 651 665 667 
o convex_16
v -0.025034 -0.078145 0.026902
v -0.039167 -0.060472 0.025725
v -0.039167 -0.060472 0.023367
v -0.054495 -0.061649 0.024547
v -0.053315 -0.060472 0.029260
v -0.014424 -0.075788 0.029260
v -0.014424 -0.073430 0.023367
v -0.020320 -0.079323 0.024547
v -0.039167 -0.072252 0.028081
v -0.015605 -0.069899 0.024547
v -0.014424 -0.079323 0.029260
v -0.042709 -0.060472 0.028081
v -0.045062 -0.068720 0.024547
v -0.039167 -0.065184 0.023367
v -0.015605 -0.071073 0.026902
v -0.028568 -0.075788 0.029260
v -0.014424 -0.080504 0.025725
v -0.028568 -0.076966 0.024547
v -0.048600 -0.066363 0.028081
v -0.047423 -0.060472 0.029260
v -0.014424 -0.071073 0.023367
v -0.054495 -0.060472 0.024547
v -0.053315 -0.061649 0.029260
v -0.015605 -0.074609 0.029260
v -0.022677 -0.072252 0.023367
v -0.020320 -0.079323 0.028081
v -0.043885 -0.061649 0.023367
v -0.014424 -0.079323 0.024547
v -0.034460 -0.074609 0.025725
v -0.052138 -0.064006 0.026902
v -0.040351 -0.069899 0.029260
v -0.047423 -0.067541 0.025725
v -0.030930 -0.075788 0.028081
v -0.054495 -0.061649 0.028081
v -0.015605 -0.069899 0.023367
v -0.014424 -0.071073 0.025725
v -0.015605 -0.080504 0.026902
v -0.041524 -0.071073 0.025725
v -0.016782 -0.079323 0.029260
v -0.053315 -0.062827 0.024547
v -0.032106 -0.068720 0.023367
v -0.047423 -0.067541 0.026902
f 699 705 709 
f 669 670 672 
f 670 669 677 
f 673 672 678 
f 674 673 678 
f 669 672 679 
f 670 674 681 
f 677 669 682 
f 669 679 682 
f 678 672 683 
f 674 678 684 
f 675 668 685 
f 672 673 687 
f 679 672 687 
f 674 670 688 
f 673 674 688 
f 672 670 689 
f 683 672 690 
f 673 682 691 
f 682 679 691 
f 687 673 691 
f 679 687 691 
f 674 675 692 
f 681 674 692 
f 675 685 692 
f 670 681 694 
f 689 670 694 
f 671 689 694 
f 675 674 695 
f 674 684 695 
f 684 675 695 
f 680 685 696 
f 676 683 698 
f 686 676 698 
f 683 690 698 
f 690 686 698 
f 683 676 700 
f 685 668 700 
f 668 693 700 
f 693 683 700 
f 676 696 700 
f 696 685 700 
f 689 671 701 
f 672 689 701 
f 690 672 701 
f 686 690 701 
f 671 697 701 
f 697 686 701 
f 670 677 702 
f 688 670 702 
f 677 688 702 
f 677 682 703 
f 682 673 703 
f 673 688 703 
f 688 677 703 
f 668 675 704 
f 675 684 704 
f 684 678 704 
f 693 668 704 
f 696 676 705 
f 680 696 705 
f 699 680 705 
f 678 683 706 
f 683 693 706 
f 704 678 706 
f 693 704 706 
f 681 680 707 
f 671 694 707 
f 694 681 707 
f 697 671 707 
f 680 699 707 
f 699 697 707 
f 680 681 708 
f 685 680 708 
f 681 692 708 
f 692 685 708 
f 676 686 709 
f 686 697 709 
f 697 699 709 
f 705 676 709 
o convex_17
v -0.049778 -0.055751 0.017476
v -0.055672 -0.041611 0.015119
v -0.055672 -0.041611 0.012760
v -0.036817 -0.059287 0.012760
v -0.040356 -0.059287 0.023367
v -0.061567 -0.043970 0.023367
v -0.058027 -0.045149 0.012760
v -0.058027 -0.041611 0.023367
v -0.045068 -0.060466 0.023367
v -0.041534 -0.060466 0.012760
v -0.036817 -0.059287 0.016298
v -0.060384 -0.041611 0.015119
v -0.056850 -0.049863 0.022188
v -0.036817 -0.060466 0.016298
v -0.048606 -0.055751 0.013940
v -0.039177 -0.059287 0.022188
v -0.061567 -0.041611 0.023367
v -0.049778 -0.056930 0.023367
v -0.043889 -0.060466 0.017476
v -0.055672 -0.048684 0.013940
v -0.040356 -0.060466 0.023367
v -0.061567 -0.043970 0.022188
v -0.059207 -0.041611 0.012760
v -0.052138 -0.054573 0.021009
v -0.045068 -0.058108 0.012760
v -0.056850 -0.041611 0.019830
v -0.036817 -0.060466 0.012760
v -0.060384 -0.042792 0.015119
v -0.058027 -0.046327 0.015119
v -0.049778 -0.056930 0.022188
v -0.039177 -0.056930 0.012760
v -0.061567 -0.041611 0.019830
v -0.056850 -0.049863 0.023367
v -0.046246 -0.058108 0.015119
f 739 710 743 
f 712 713 716 
f 711 712 717 
f 715 714 717 
f 714 715 718 
f 716 713 719 
f 717 712 721 
f 718 719 723 
f 713 720 723 
f 717 714 725 
f 720 717 725 
f 723 720 725 
f 715 717 726 
f 717 721 726 
f 718 715 727 
f 719 718 728 
f 716 724 729 
f 714 718 730 
f 718 723 730 
f 725 714 730 
f 723 725 730 
f 722 715 731 
f 715 726 731 
f 712 716 732 
f 721 712 732 
f 724 710 733 
f 722 729 733 
f 729 724 733 
f 716 719 734 
f 724 716 734 
f 719 728 734 
f 711 717 735 
f 720 711 735 
f 717 720 735 
f 719 713 736 
f 713 723 736 
f 723 719 736 
f 732 716 737 
f 721 732 737 
f 716 729 738 
f 729 722 738 
f 722 731 738 
f 737 716 738 
f 731 737 738 
f 718 727 739 
f 728 718 739 
f 733 710 739 
f 727 733 739 
f 712 711 740 
f 713 712 740 
f 711 720 740 
f 720 713 740 
f 726 721 741 
f 731 726 741 
f 737 731 741 
f 721 737 741 
f 715 722 742 
f 727 715 742 
f 722 733 742 
f 733 727 742 
f 710 724 743 
f 724 734 743 
f 734 728 743 
f 728 739 743 
o convex_18
v -0.055670 -0.060466 0.028081
v -0.059206 -0.041611 0.025725
v -0.059206 -0.041611 0.023367
v -0.040353 -0.059287 0.024547
v -0.062742 -0.053394 0.024547
v -0.069817 -0.041611 0.028081
v -0.048604 -0.059287 0.029260
v -0.046251 -0.060466 0.023367
v -0.068637 -0.042792 0.023367
v -0.061565 -0.041611 0.028081
v -0.055670 -0.060466 0.024547
v -0.060386 -0.053394 0.029260
v -0.040353 -0.060466 0.023367
v -0.067457 -0.047506 0.026902
v -0.042712 -0.059287 0.026902
v -0.048604 -0.060466 0.029260
v -0.056850 -0.051039 0.029260
v -0.062742 -0.053394 0.028081
v -0.054499 -0.060466 0.029260
v -0.069817 -0.041611 0.024547
v -0.067457 -0.047506 0.024547
v -0.069817 -0.042792 0.028081
v -0.041532 -0.058108 0.023367
v -0.045068 -0.059287 0.028081
v -0.042712 -0.060466 0.026902
v -0.068637 -0.041611 0.023367
v -0.069817 -0.042792 0.024547
v -0.066281 -0.045149 0.023367
v -0.068637 -0.045149 0.028081
f 765 757 772 
f 745 746 749 
f 746 751 752 
f 747 745 753 
f 745 749 753 
f 744 748 754 
f 751 744 754 
f 751 746 756 
f 744 751 756 
f 747 753 758 
f 750 755 759 
f 744 756 759 
f 753 749 760 
f 750 753 760 
f 749 755 760 
f 755 750 760 
f 748 744 761 
f 757 748 761 
f 744 759 762 
f 759 755 762 
f 761 744 762 
f 755 761 762 
f 749 746 763 
f 752 748 764 
f 748 757 764 
f 755 749 765 
f 749 763 765 
f 764 757 765 
f 746 745 766 
f 745 747 766 
f 756 746 766 
f 747 756 766 
f 753 750 767 
f 758 753 767 
f 750 759 767 
f 767 759 768 
f 756 747 768 
f 747 758 768 
f 759 756 768 
f 758 767 768 
f 746 752 769 
f 763 746 769 
f 752 763 769 
f 763 752 770 
f 752 764 770 
f 765 763 770 
f 764 765 770 
f 748 752 771 
f 752 751 771 
f 754 748 771 
f 751 754 771 
f 761 755 772 
f 757 761 772 
f 755 765 772 
o convex_19
v -0.053319 -0.025113 -0.014346
v -0.045069 -0.040430 -0.004918
v -0.053319 -0.040430 0.008046
v -0.045069 -0.022756 -0.016700
v -0.067460 -0.022756 0.010403
v -0.058029 -0.040430 0.004509
v -0.046248 -0.038073 -0.013167
v -0.062743 -0.022756 -0.002564
v -0.063920 -0.023935 0.010403
v -0.059208 -0.041611 0.010403
v -0.054498 -0.034539 -0.007273
v -0.065099 -0.031006 0.008046
v -0.045069 -0.022756 -0.020239
v -0.045069 -0.041611 -0.009627
v -0.050963 -0.041611 -0.004918
v -0.055677 -0.041611 0.010403
v -0.046248 -0.031006 -0.017882
v -0.060385 -0.026292 -0.004918
v -0.067460 -0.023935 0.006867
v -0.048606 -0.022756 -0.019061
v -0.045069 -0.023935 -0.015524
v -0.060385 -0.032184 -0.000206
v -0.067460 -0.026292 0.010403
v -0.058029 -0.023935 -0.009627
v -0.063920 -0.022756 0.009224
v -0.045069 -0.041611 -0.004918
v -0.045069 -0.031006 -0.017882
v -0.049783 -0.036896 -0.010809
v -0.055677 -0.039252 0.010403
v -0.061564 -0.038073 0.009224
v -0.046248 -0.025113 -0.020239
v -0.053319 -0.027472 -0.013167
v -0.062743 -0.028649 0.000973
v -0.054498 -0.040430 -0.001385
v -0.062743 -0.023935 -0.002564
v -0.061564 -0.035716 0.005688
v -0.056849 -0.028649 -0.008452
v -0.049783 -0.027472 -0.016700
v -0.058029 -0.022756 -0.009627
v -0.055677 -0.041611 0.002152
v -0.067460 -0.022756 0.006867
v -0.047427 -0.033359 -0.015524
v -0.046248 -0.041611 -0.009627
v -0.052142 -0.038073 -0.007273
v -0.052142 -0.033359 -0.010809
v -0.056849 -0.036896 -0.001385
v -0.048606 -0.023935 -0.019061
v -0.053319 -0.041611 0.008046
v -0.059208 -0.041611 0.009224
v -0.045069 -0.038073 -0.013167
v -0.058029 -0.031006 -0.004918
f 790 809 823 
f 777 776 780 
f 781 777 782 
f 776 774 785 
f 780 776 785 
f 785 774 786 
f 786 782 787 
f 781 782 788 
f 782 786 788 
f 780 785 792 
f 775 774 793 
f 774 776 793 
f 781 775 793 
f 776 781 793 
f 782 777 795 
f 791 784 795 
f 777 791 795 
f 776 777 797 
f 781 776 797 
f 777 781 797 
f 774 775 798 
f 786 774 798 
f 788 786 798 
f 785 786 799 
f 779 789 799 
f 779 787 800 
f 775 781 801 
f 788 775 801 
f 781 788 801 
f 782 795 802 
f 795 784 802 
f 792 785 803 
f 785 799 803 
f 799 789 803 
f 796 773 804 
f 784 791 805 
f 790 794 805 
f 791 780 807 
f 780 796 807 
f 796 790 807 
f 805 791 807 
f 790 805 807 
f 794 778 808 
f 778 802 808 
f 802 784 808 
f 784 805 808 
f 805 794 808 
f 790 796 809 
f 796 804 809 
f 804 773 810 
f 792 773 811 
f 780 792 811 
f 773 796 811 
f 796 780 811 
f 787 782 812 
f 778 806 812 
f 806 787 812 
f 777 780 813 
f 791 777 813 
f 780 791 813 
f 789 779 814 
f 779 800 814 
f 810 789 814 
f 804 810 814 
f 779 786 815 
f 787 779 815 
f 786 787 815 
f 800 787 816 
f 787 806 816 
f 806 783 816 
f 783 809 817 
f 809 804 817 
f 814 800 817 
f 804 814 817 
f 816 783 817 
f 800 816 817 
f 778 794 818 
f 794 783 818 
f 806 778 818 
f 783 806 818 
f 773 792 819 
f 803 789 819 
f 792 803 819 
f 810 773 819 
f 789 810 819 
f 775 788 820 
f 798 775 820 
f 788 798 820 
f 802 778 821 
f 782 802 821 
f 778 812 821 
f 812 782 821 
f 786 779 822 
f 779 799 822 
f 799 786 822 
f 783 794 823 
f 794 790 823 
f 809 783 823 
o convex_20
v -0.068641 -0.041607 0.023368
v -0.081600 -0.008616 0.024547
v -0.081600 -0.008616 0.026902
v -0.072171 0.003170 0.022189
v -0.062749 -0.040428 0.028082
v -0.075707 0.003170 0.028082
v -0.059212 -0.040428 0.022189
v -0.072171 -0.039249 0.028082
v -0.075707 -0.029821 0.023368
v -0.081600 0.003170 0.028082
v -0.059212 -0.040428 0.024547
v -0.080421 0.003170 0.023368
v -0.072171 -0.021572 0.022189
v -0.078063 -0.025109 0.028082
v -0.072171 0.003170 0.024547
v -0.080421 -0.012149 0.023368
v -0.062749 -0.041607 0.022189
v -0.073351 0.000812 0.026902
v -0.070992 -0.041607 0.026902
v -0.076886 -0.028642 0.024547
v -0.074527 -0.009795 0.022189
v -0.062749 -0.041607 0.028082
v -0.072171 -0.039249 0.024547
v -0.079242 -0.021572 0.025724
v -0.081600 0.003170 0.024547
v -0.061570 -0.039249 0.026902
v -0.080421 -0.014507 0.028082
v -0.075707 -0.032179 0.026902
v -0.074527 0.003170 0.022189
v -0.059212 -0.041607 0.024547
v -0.069820 -0.028642 0.022189
v -0.080421 -0.015686 0.024547
v -0.069820 -0.041607 0.028082
v -0.073351 -0.034533 0.023368
v -0.063926 -0.040428 0.022189
v -0.059212 -0.041607 0.022189
v -0.074527 -0.034533 0.024547
v -0.078063 -0.025109 0.024547
v -0.080421 -0.015686 0.026902
f 855 847 862 
f 828 829 831 
f 825 826 833 
f 829 827 833 
f 831 829 833 
f 830 827 834 
f 833 827 835 
f 827 830 836 
f 831 833 837 
f 827 829 838 
f 834 827 838 
f 825 835 839 
f 836 832 839 
f 836 830 840 
f 829 828 841 
f 838 829 841 
f 834 838 841 
f 824 840 842 
f 827 836 844 
f 839 835 844 
f 836 839 844 
f 828 831 845 
f 834 828 845 
f 842 840 845 
f 842 831 846 
f 824 842 846 
f 843 837 847 
f 825 833 848 
f 835 825 848 
f 833 835 848 
f 828 834 849 
f 841 828 849 
f 834 841 849 
f 833 826 850 
f 837 833 850 
f 831 837 851 
f 837 843 851 
f 846 831 851 
f 835 827 852 
f 827 844 852 
f 844 835 852 
f 830 834 853 
f 834 845 853 
f 845 840 853 
f 832 836 854 
f 836 840 854 
f 826 825 855 
f 825 839 855 
f 831 842 856 
f 845 831 856 
f 842 845 856 
f 824 846 857 
f 846 832 857 
f 832 854 857 
f 857 854 858 
f 840 824 858 
f 854 840 858 
f 824 857 858 
f 840 830 859 
f 830 853 859 
f 853 840 859 
f 843 832 860 
f 832 846 860 
f 851 843 860 
f 846 851 860 
f 839 832 861 
f 832 843 861 
f 843 847 861 
f 855 839 861 
f 847 855 861 
f 847 837 862 
f 850 826 862 
f 837 850 862 
f 826 855 862 
o convex_21
v -0.043885 -0.015683 -0.021418
v -0.045065 -0.041611 -0.010815
v -0.040352 -0.041611 -0.015524
v -0.022674 -0.040431 -0.020238
v -0.043885 -0.040426 -0.006097
v -0.041531 -0.031002 -0.021418
v -0.029750 -0.041611 -0.021417
v -0.043885 -0.015683 -0.020239
v -0.045065 -0.025117 -0.021418
v -0.045065 -0.041611 -0.006097
v -0.022674 -0.041611 -0.021417
v -0.045065 -0.015683 -0.020239
v -0.045065 -0.034538 -0.016700
v -0.035635 -0.039251 -0.020238
v -0.022674 -0.041611 -0.020238
v -0.043885 -0.038073 -0.015524
v -0.022674 -0.040431 -0.021417
v -0.045065 -0.040426 -0.006097
v -0.043885 -0.041611 -0.006097
v -0.032102 -0.040431 -0.021417
v -0.040352 -0.034538 -0.020239
v -0.045065 -0.015683 -0.021418
v -0.043885 -0.032182 -0.019060
v -0.036814 -0.041611 -0.017882
f 865 883 886 
f 864 865 869 
f 866 863 870 
f 867 866 870 
f 863 868 871 
f 864 869 872 
f 871 864 872 
f 872 869 873 
f 869 868 873 
f 870 863 874 
f 867 870 874 
f 871 872 874 
f 864 871 875 
f 866 867 877 
f 872 873 877 
f 873 866 877 
f 865 864 878 
f 864 875 878 
f 863 866 879 
f 868 863 879 
f 866 873 879 
f 873 868 879 
f 872 867 880 
f 867 874 880 
f 874 872 880 
f 867 872 881 
f 877 867 881 
f 872 877 881 
f 868 869 882 
f 882 876 883 
f 865 878 883 
f 868 882 883 
f 863 871 884 
f 874 863 884 
f 871 874 884 
f 871 868 885 
f 875 871 885 
f 878 875 885 
f 883 878 885 
f 868 883 885 
f 869 865 886 
f 882 869 886 
f 876 882 886 
f 883 876 886 
o convex_22
v 0.037430 0.060922 0.011582
v 0.018580 0.057386 -0.003740
v 0.042143 0.043248 -0.003740
v 0.032716 0.056209 -0.003740
v 0.018580 0.065636 0.011582
v 0.019758 0.067993 0.008045
v 0.042143 0.052675 0.011582
v 0.043323 0.050318 -0.001382
v 0.018580 0.062100 -0.003740
v 0.042143 0.043248 -0.002561
v 0.043323 0.056209 0.009224
v 0.035073 0.060922 0.006867
v 0.019758 0.064456 0.011582
v 0.026828 0.060922 -0.001382
v 0.025648 0.066813 0.010403
v 0.018580 0.057386 -0.002561
v 0.043323 0.043248 -0.003740
v 0.018580 0.067993 0.011582
v 0.042143 0.051498 0.010403
v 0.043323 0.052675 0.011582
v 0.043323 0.047961 -0.003740
v 0.038609 0.056209 0.002156
v 0.025648 0.064456 0.004507
v 0.022114 0.062100 -0.002561
v 0.043323 0.056209 0.011582
v 0.022114 0.067993 0.011582
v 0.032716 0.063279 0.009224
v 0.042143 0.057386 0.009224
v 0.039786 0.051498 -0.003740
v 0.042143 0.049141 0.006867
v 0.018580 0.064456 0.010403
v 0.018580 0.067993 0.008045
v 0.042143 0.055032 0.004507
v 0.035073 0.059743 0.004507
v 0.043323 0.043248 -0.002561
v 0.019758 0.062100 -0.003740
v 0.022114 0.066813 0.006867
v 0.037430 0.060922 0.010403
v 0.025648 0.059743 -0.003740
v 0.040966 0.058566 0.011582
f 914 924 926 
f 889 888 890 
f 887 891 893 
f 890 888 895 
f 888 891 895 
f 888 889 896 
f 893 891 899 
f 891 888 902 
f 888 896 902 
f 889 890 903 
f 896 889 903 
f 894 897 903 
f 891 887 904 
f 895 891 904 
f 893 899 905 
f 887 893 906 
f 903 897 906 
f 893 905 906 
f 903 890 907 
f 894 903 907 
f 898 900 909 
f 909 900 910 
f 887 906 911 
f 906 897 911 
f 887 901 912 
f 901 892 912 
f 904 887 912 
f 892 904 912 
f 901 887 913 
f 898 909 913 
f 909 901 913 
f 907 890 915 
f 894 907 915 
f 890 908 915 
f 899 896 916 
f 905 899 916 
f 899 891 917 
f 896 899 917 
f 891 902 917 
f 902 896 917 
f 892 895 918 
f 895 904 918 
f 904 892 918 
f 897 894 919 
f 914 897 919 
f 898 914 919 
f 894 915 919 
f 915 908 919 
f 890 900 920 
f 900 898 920 
f 908 890 920 
f 898 919 920 
f 919 908 920 
f 896 903 921 
f 903 906 921 
f 906 905 921 
f 916 896 921 
f 905 916 921 
f 890 895 922 
f 895 892 922 
f 892 910 922 
f 892 901 923 
f 901 909 923 
f 910 892 923 
f 909 910 923 
f 913 887 924 
f 898 913 924 
f 914 898 924 
f 900 890 925 
f 910 900 925 
f 890 922 925 
f 922 910 925 
f 887 911 926 
f 911 897 926 
f 897 914 926 
f 924 887 926 
o convex_23
v -0.001455 -0.051039 -0.021418
v 0.030357 -0.043968 -0.016704
v 0.030357 -0.045148 -0.016704
v -0.014420 -0.048684 -0.016704
v 0.003257 -0.054575 -0.016704
v -0.014420 -0.045148 -0.021418
v 0.023283 -0.045148 -0.021418
v -0.013241 -0.053396 -0.017883
v 0.016213 -0.052216 -0.017883
v 0.012680 -0.043968 -0.021418
v 0.022108 -0.043968 -0.016704
v -0.014420 -0.048684 -0.021418
v -0.014420 -0.045148 -0.020239
v 0.010322 -0.049859 -0.021418
v 0.003257 -0.054575 -0.017883
v -0.014420 -0.052216 -0.016704
v 0.026820 -0.047505 -0.017883
v 0.019750 -0.051039 -0.016704
v 0.023283 -0.043968 -0.021418
v -0.006171 -0.054575 -0.017883
v 0.030357 -0.045148 -0.017883
v -0.006171 -0.054575 -0.016704
v -0.010883 -0.049859 -0.021418
v 0.019750 -0.051039 -0.017883
v 0.011501 -0.053396 -0.017883
v 0.020929 -0.046327 -0.021418
v 0.012680 -0.043968 -0.020239
v 0.011501 -0.053396 -0.016704
v 0.030357 -0.043968 -0.017883
v -0.006171 -0.053396 -0.019061
v -0.013241 -0.053396 -0.016704
f 934 948 957 
f 929 928 930 
f 929 930 931 
f 927 932 933 
f 933 932 936 
f 930 928 937 
f 928 936 937 
f 932 927 938 
f 930 932 938 
f 932 930 939 
f 936 932 939 
f 930 937 939 
f 927 933 940 
f 927 940 941 
f 931 930 942 
f 930 938 942 
f 938 934 942 
f 929 931 944 
f 943 929 944 
f 936 928 945 
f 933 936 945 
f 927 941 946 
f 941 931 946 
f 928 929 947 
f 929 943 947 
f 943 933 947 
f 933 945 947 
f 931 942 948 
f 934 946 948 
f 946 931 948 
f 938 927 949 
f 934 938 949 
f 935 940 950 
f 944 935 950 
f 943 944 950 
f 940 935 951 
f 941 940 951 
f 931 941 951 
f 940 933 952 
f 933 943 952 
f 950 940 952 
f 943 950 952 
f 937 936 953 
f 936 939 953 
f 939 937 953 
f 935 944 954 
f 944 931 954 
f 951 935 954 
f 931 951 954 
f 945 928 955 
f 928 947 955 
f 947 945 955 
f 927 946 956 
f 946 934 956 
f 949 927 956 
f 934 949 956 
f 942 934 957 
f 948 942 957 
o convex_24
v 0.026830 -0.042785 -0.021418
v 0.040968 -0.021582 -0.020238
v 0.040968 -0.021582 -0.021418
v 0.040968 -0.046324 -0.003741
v 0.016218 -0.042785 -0.020238
v 0.040968 -0.038077 -0.016701
v 0.032714 -0.046324 -0.015523
v 0.039786 -0.045144 -0.003741
v 0.016218 -0.043967 -0.021418
v 0.039783 -0.031007 -0.021418
v 0.039783 -0.021582 -0.020238
v 0.024470 -0.046324 -0.014344
v 0.040968 -0.046324 -0.008454
v 0.035074 -0.036892 -0.021418
v 0.030362 -0.046324 -0.016701
v 0.016218 -0.042785 -0.021418
v 0.036251 -0.045144 -0.014344
v 0.031539 -0.041606 -0.020238
v 0.024470 -0.043967 -0.021418
v 0.040968 -0.028652 -0.021418
v 0.023290 -0.046324 -0.016701
v 0.039783 -0.021582 -0.021418
v 0.040968 -0.045144 -0.003741
v 0.028007 -0.043967 -0.020238
v 0.016218 -0.043967 -0.020238
v 0.039786 -0.046324 -0.003741
v 0.033896 -0.042785 -0.017883
f 981 975 984 
f 960 959 961 
f 960 961 963 
f 960 958 966 
f 958 960 967 
f 959 960 968 
f 965 959 968 
f 962 965 968 
f 964 961 969 
f 965 962 969 
f 963 961 970 
f 961 964 970 
f 958 967 971 
f 967 963 971 
f 964 969 972 
f 960 966 973 
f 966 962 973 
f 962 968 973 
f 963 970 974 
f 970 964 974 
f 958 971 975 
f 966 958 976 
f 972 966 976 
f 960 963 977 
f 967 960 977 
f 963 967 977 
f 966 972 978 
f 972 969 978 
f 968 960 979 
f 960 973 979 
f 973 968 979 
f 961 959 980 
f 959 965 980 
f 965 961 980 
f 964 972 981 
f 958 975 981 
f 976 958 981 
f 972 976 981 
f 962 966 982 
f 969 962 982 
f 966 978 982 
f 978 969 982 
f 961 965 983 
f 969 961 983 
f 965 969 983 
f 971 963 984 
f 963 974 984 
f 974 964 984 
f 975 971 984 
f 964 981 984 
o convex_25
v 0.044507 -0.039256 -0.011987
v 0.057468 -0.033361 0.000975
v 0.052754 -0.033361 0.000975
v 0.040968 -0.052216 0.000975
v 0.040968 -0.033361 -0.013167
v 0.048042 -0.046323 -0.001386
v 0.040968 -0.047501 0.000975
v 0.052754 -0.034542 -0.007276
v 0.040968 -0.035720 -0.016704
v 0.042147 -0.049858 -0.003743
v 0.043326 -0.033361 -0.016704
v 0.052754 -0.041613 -0.000206
v 0.042147 -0.039256 -0.014343
v 0.057468 -0.034542 -0.000206
v 0.048042 -0.036899 -0.010808
v 0.042147 -0.052216 0.000975
v 0.040968 -0.049858 -0.003743
v 0.052754 -0.041613 0.000975
v 0.052754 -0.033361 -0.007276
v 0.050394 -0.041613 -0.003743
v 0.043326 -0.034542 -0.016704
v 0.042147 -0.052216 -0.000206
v 0.040968 -0.033361 -0.016704
v 0.040968 -0.039256 -0.014343
f 997 1001 1008 
f 986 987 988 
f 987 986 989 
f 988 987 991 
f 989 988 991 
f 987 989 991 
f 988 989 993 
f 985 990 994 
f 989 986 995 
f 985 994 997 
f 996 992 998 
f 990 985 999 
f 985 997 999 
f 986 988 1000 
f 988 993 1001 
f 997 994 1001 
f 990 996 1002 
f 998 986 1002 
f 996 998 1002 
f 986 1000 1002 
f 1000 990 1002 
f 995 986 1003 
f 992 995 1003 
f 986 998 1003 
f 998 992 1003 
f 996 990 1004 
f 992 996 1004 
f 990 999 1004 
f 999 992 1004 
f 995 992 1005 
f 993 995 1005 
f 997 993 1005 
f 992 999 1005 
f 999 997 1005 
f 994 990 1006 
f 1000 988 1006 
f 990 1000 1006 
f 988 1001 1006 
f 1001 994 1006 
f 993 989 1007 
f 989 995 1007 
f 995 993 1007 
f 993 997 1008 
f 1001 993 1008 
o convex_26
v 0.057465 -0.043971 0.012757
v 0.040968 -0.060468 0.017473
v 0.040968 -0.060468 0.022189
v 0.053928 -0.033364 0.003336
v 0.062179 -0.033364 0.022189
v 0.040968 -0.052214 0.000975
v 0.057465 -0.035723 0.000975
v 0.040968 -0.056929 0.021009
v 0.062179 -0.040437 0.022189
v 0.048042 -0.054573 0.012757
v 0.040968 -0.048680 0.000975
v 0.064539 -0.033364 0.016295
v 0.048042 -0.056929 0.021009
v 0.050400 -0.046327 0.002154
v 0.042147 -0.056929 0.006868
v 0.061000 -0.033364 0.021009
v 0.053928 -0.033364 0.000975
v 0.053928 -0.051036 0.019828
v 0.062179 -0.035723 0.010406
v 0.056286 -0.043971 0.009227
v 0.058647 -0.033364 0.002154
v 0.043329 -0.052214 0.000975
v 0.043329 -0.060468 0.019828
v 0.040968 -0.048680 0.002154
v 0.048042 -0.056929 0.022189
v 0.064539 -0.035723 0.022189
v 0.062179 -0.039256 0.017473
v 0.048042 -0.051036 0.005691
v 0.053928 -0.047502 0.010406
v 0.040968 -0.058107 0.022189
v 0.059821 -0.043971 0.021009
v 0.042147 -0.059285 0.012757
v 0.064539 -0.034545 0.016295
v 0.040968 -0.056929 0.006868
v 0.055107 -0.049858 0.022189
v 0.051579 -0.043971 0.000975
v 0.064539 -0.033364 0.022189
v 0.057465 -0.045149 0.015116
v 0.057465 -0.041615 0.008047
v 0.062179 -0.034545 0.009227
v 0.043329 -0.060468 0.022189
v 0.048042 -0.055751 0.016295
v 0.052754 -0.049858 0.012757
v 0.059821 -0.035723 0.022189
v 0.063360 -0.038078 0.019828
v 0.057465 -0.033364 0.000975
v 0.042147 -0.054573 0.003336
v 0.062179 -0.033364 0.009227
v 0.055107 -0.039256 0.000975
v 0.052754 -0.034545 0.000975
v 0.049221 -0.055751 0.019828
v 0.052754 -0.047502 0.008047
f 1037 1051 1060 
f 1010 1011 1014 
f 1014 1011 1016 
f 1013 1011 1017 
f 1015 1014 1019 
f 1014 1016 1019 
f 1012 1013 1020 
f 1013 1012 1024 
f 1012 1016 1024 
f 1015 1019 1025 
f 1012 1020 1025 
f 1025 1020 1029 
f 1014 1015 1030 
f 1011 1010 1031 
f 1016 1012 1032 
f 1019 1016 1032 
f 1017 1011 1033 
f 1031 1021 1033 
f 1013 1017 1034 
f 1009 1027 1035 
f 1018 1023 1036 
f 1030 1022 1036 
f 1023 1030 1036 
f 1011 1013 1038 
f 1016 1011 1038 
f 1023 1018 1040 
f 1031 1010 1040 
f 1020 1034 1041 
f 1035 1027 1041 
f 1010 1014 1042 
f 1023 1040 1042 
f 1040 1010 1042 
f 1017 1033 1043 
f 1026 1039 1043 
f 1039 1017 1043 
f 1028 1022 1044 
f 1030 1015 1044 
f 1022 1030 1044 
f 1020 1013 1045 
f 1013 1034 1045 
f 1034 1020 1045 
f 1028 1009 1046 
f 1009 1035 1046 
f 1037 1028 1046 
f 1039 1026 1046 
f 1035 1039 1046 
f 1027 1009 1047 
f 1015 1027 1047 
f 1009 1028 1047 
f 1028 1044 1047 
f 1027 1015 1048 
f 1015 1029 1048 
f 1020 1041 1048 
f 1041 1027 1048 
f 1011 1031 1049 
f 1033 1011 1049 
f 1031 1033 1049 
f 1040 1018 1050 
f 1031 1040 1050 
f 1046 1026 1051 
f 1037 1046 1051 
f 1013 1024 1052 
f 1024 1016 1052 
f 1038 1013 1052 
f 1016 1038 1052 
f 1034 1017 1053 
f 1017 1039 1053 
f 1039 1035 1053 
f 1041 1034 1053 
f 1035 1041 1053 
f 1015 1025 1054 
f 1029 1015 1054 
f 1025 1029 1054 
f 1014 1030 1055 
f 1030 1023 1055 
f 1042 1014 1055 
f 1023 1042 1055 
f 1029 1020 1056 
f 1048 1029 1056 
f 1020 1048 1056 
f 1044 1015 1057 
f 1015 1047 1057 
f 1047 1044 1057 
f 1012 1025 1058 
f 1025 1019 1058 
f 1032 1012 1058 
f 1019 1032 1058 
f 1021 1031 1059 
f 1033 1021 1059 
f 1026 1043 1059 
f 1043 1033 1059 
f 1050 1018 1059 
f 1031 1050 1059 
f 1018 1051 1059 
f 1051 1026 1059 
f 1022 1028 1060 
f 1018 1036 1060 
f 1036 1022 1060 
f 1028 1037 1060 
f 1051 1018 1060 
o convex_27
v 0.048043 -0.029822 -0.015523
v 0.062182 -0.009790 -0.003742
v 0.062182 -0.009790 -0.006100
v 0.040968 -0.009790 -0.026130
v 0.050400 -0.032182 -0.003742
v 0.055107 -0.033361 -0.004921
v 0.040968 -0.033361 -0.014349
v 0.040968 -0.010969 -0.022593
v 0.043327 -0.018041 -0.024951
v 0.058646 -0.010969 -0.003742
v 0.058646 -0.020399 -0.008456
v 0.040968 -0.032182 -0.019058
v 0.053930 -0.015683 -0.015523
v 0.043327 -0.009790 -0.026130
v 0.058646 -0.026289 -0.003742
v 0.040968 -0.031001 -0.014349
v 0.052751 -0.022752 -0.014349
v 0.051575 -0.033361 -0.009635
v 0.059823 -0.010969 -0.009635
v 0.062182 -0.015683 -0.004921
v 0.042148 -0.020399 -0.024951
v 0.057466 -0.009790 -0.006100
v 0.042148 -0.032182 -0.019058
v 0.050400 -0.033361 -0.003742
v 0.057466 -0.027468 -0.006100
v 0.040968 -0.015683 -0.026130
v 0.043327 -0.013327 -0.026130
v 0.042148 -0.033361 -0.017881
v 0.040968 -0.009790 -0.023772
v 0.055107 -0.033361 -0.003742
v 0.052751 -0.027468 -0.011991
v 0.062182 -0.015683 -0.003742
v 0.059823 -0.009790 -0.009635
v 0.046864 -0.033361 -0.014349
v 0.049220 -0.025110 -0.016702
v 0.058646 -0.026289 -0.004921
v 0.040968 -0.020399 -0.024951
v 0.056287 -0.026289 -0.008456
v 0.058646 -0.016862 -0.009635
v 0.044505 -0.014506 -0.024951
v 0.050400 -0.019220 -0.017881
v 0.053930 -0.031001 -0.008456
v 0.062182 -0.012148 -0.006100
v 0.044505 -0.026289 -0.020237
f 1081 1095 1104 
f 1062 1063 1064 
f 1064 1067 1068 
f 1065 1062 1070 
f 1068 1065 1070 
f 1067 1064 1072 
f 1064 1063 1074 
f 1062 1065 1075 
f 1067 1065 1076 
f 1065 1068 1076 
f 1068 1067 1076 
f 1073 1071 1077 
f 1066 1067 1078 
f 1063 1062 1080 
f 1062 1064 1082 
f 1070 1062 1082 
f 1068 1070 1082 
f 1072 1081 1083 
f 1065 1067 1084 
f 1067 1066 1084 
f 1075 1065 1084 
f 1072 1064 1086 
f 1064 1074 1086 
f 1081 1086 1087 
f 1079 1073 1087 
f 1074 1079 1087 
f 1069 1081 1087 
f 1086 1074 1087 
f 1067 1072 1088 
f 1078 1067 1088 
f 1072 1083 1088 
f 1064 1068 1089 
f 1082 1064 1089 
f 1068 1082 1089 
f 1066 1075 1090 
f 1084 1066 1090 
f 1075 1084 1090 
f 1078 1061 1091 
f 1062 1075 1092 
f 1080 1062 1092 
f 1075 1080 1092 
f 1074 1063 1093 
f 1063 1079 1093 
f 1079 1074 1093 
f 1061 1078 1094 
f 1083 1061 1094 
f 1078 1088 1094 
f 1088 1083 1094 
f 1069 1077 1095 
f 1081 1069 1095 
f 1091 1061 1095 
f 1077 1091 1095 
f 1075 1066 1096 
f 1080 1075 1096 
f 1071 1080 1096 
f 1066 1085 1096 
f 1085 1071 1096 
f 1081 1072 1097 
f 1072 1086 1097 
f 1086 1081 1097 
f 1077 1071 1098 
f 1071 1085 1098 
f 1091 1077 1098 
f 1071 1073 1099 
f 1073 1079 1099 
f 1069 1087 1100 
f 1087 1073 1100 
f 1077 1069 1101 
f 1073 1077 1101 
f 1069 1100 1101 
f 1100 1073 1101 
f 1066 1078 1102 
f 1085 1066 1102 
f 1078 1091 1102 
f 1098 1085 1102 
f 1091 1098 1102 
f 1079 1063 1103 
f 1063 1080 1103 
f 1080 1071 1103 
f 1071 1099 1103 
f 1099 1079 1103 
f 1061 1083 1104 
f 1083 1081 1104 
f 1095 1061 1104 
o convex_28
v 0.062182 -0.009790 -0.006100
v 0.040968 -0.009790 -0.026130
v 0.040968 0.003174 -0.026130
v 0.059821 -0.009790 -0.003742
v 0.058644 0.003174 -0.011991
v 0.059821 0.003174 -0.003742
v 0.045685 -0.008611 -0.024951
v 0.040968 0.003174 -0.023772
v 0.044508 0.003174 -0.026130
v 0.040968 -0.009790 -0.023772
v 0.063361 0.003174 -0.003742
v 0.056285 -0.009790 -0.014349
v 0.062182 -0.006252 -0.007279
v 0.063361 -0.008611 -0.003742
v 0.057467 -0.007431 -0.006100
v 0.063361 0.003174 -0.004921
v 0.043327 -0.009790 -0.026130
v 0.059821 -0.002719 -0.010814
v 0.062182 0.003174 -0.007279
v 0.063361 -0.008611 -0.004921
v 0.044508 -0.005074 -0.026130
f 1122 1116 1125 
f 1106 1105 1108 
f 1109 1107 1110 
f 1107 1106 1112 
f 1110 1107 1112 
f 1106 1107 1113 
f 1107 1109 1113 
f 1106 1108 1114 
f 1112 1106 1114 
f 1109 1110 1115 
f 1110 1108 1115 
f 1105 1106 1116 
f 1108 1105 1118 
f 1115 1108 1118 
f 1108 1110 1119 
f 1110 1112 1119 
f 1114 1108 1119 
f 1112 1114 1119 
f 1109 1115 1120 
f 1115 1118 1120 
f 1106 1113 1121 
f 1116 1106 1121 
f 1111 1116 1121 
f 1113 1109 1122 
f 1117 1116 1122 
f 1109 1120 1123 
f 1120 1117 1123 
f 1122 1109 1123 
f 1117 1122 1123 
f 1105 1116 1124 
f 1116 1117 1124 
f 1118 1105 1124 
f 1117 1120 1124 
f 1120 1118 1124 
f 1116 1111 1125 
f 1121 1113 1125 
f 1111 1121 1125 
f 1113 1122 1125 
o convex_29
v 0.069254 -0.014504 0.009230
v 0.051575 -0.033361 -0.003740
v 0.055114 -0.033361 -0.003740
v 0.065715 -0.033361 0.029260
v 0.068073 -0.013326 0.021007
v 0.059828 -0.013326 -0.003740
v 0.069254 -0.033361 0.026899
v 0.062181 -0.026289 0.000976
v 0.062181 -0.032183 0.024544
v 0.052755 -0.028647 -0.002561
v 0.062181 -0.018040 -0.003740
v 0.069254 -0.019219 0.026899
v 0.064536 -0.031004 0.010405
v 0.058648 -0.014504 -0.002561
v 0.068073 -0.021578 0.010405
v 0.063360 -0.013326 -0.002561
v 0.057471 -0.033361 -0.001382
v 0.068073 -0.019219 0.026899
v 0.066895 -0.014504 0.019831
v 0.069254 -0.027468 0.029260
v 0.069254 -0.013326 0.021007
v 0.065715 -0.016862 0.002156
v 0.051575 -0.032183 -0.002561
v 0.063360 -0.033361 0.026899
v 0.069254 -0.013326 0.009230
v 0.059828 -0.025109 -0.003740
v 0.063360 -0.033361 0.010405
v 0.069254 -0.033361 0.029260
v 0.066895 -0.023930 0.009230
v 0.064536 -0.031004 0.028078
v 0.052755 -0.028647 -0.003740
v 0.069254 -0.016862 0.010405
v 0.051575 -0.033361 -0.002561
v 0.065715 -0.019219 0.003338
v 0.068073 -0.027468 0.029260
v 0.059828 -0.013326 -0.001382
v 0.064536 -0.026289 0.005689
v 0.066895 -0.015683 0.021007
v 0.062181 -0.022757 -0.001382
v 0.062181 -0.013326 -0.003740
v 0.058648 -0.014504 -0.003740
v 0.056291 -0.032183 -0.003740
v 0.064536 -0.016862 -0.000199
v 0.066895 -0.025109 0.010405
v 0.062181 -0.033361 0.024544
f 1158 1149 1170 
f 1127 1128 1129 
f 1128 1127 1131 
f 1129 1128 1132 
f 1128 1131 1136 
f 1132 1126 1137 
f 1131 1130 1141 
f 1132 1128 1142 
f 1137 1130 1143 
f 1130 1139 1144 
f 1139 1135 1144 
f 1143 1130 1144 
f 1132 1137 1145 
f 1137 1143 1145 
f 1137 1126 1146 
f 1130 1137 1146 
f 1141 1130 1146 
f 1141 1126 1147 
f 1134 1135 1148 
f 1127 1129 1149 
f 1126 1141 1150 
f 1146 1126 1150 
f 1141 1146 1150 
f 1128 1136 1151 
f 1133 1142 1151 
f 1138 1132 1152 
f 1132 1142 1152 
f 1129 1132 1153 
f 1145 1129 1153 
f 1132 1145 1153 
f 1143 1134 1155 
f 1149 1129 1155 
f 1134 1149 1155 
f 1131 1127 1156 
f 1135 1139 1156 
f 1127 1148 1156 
f 1148 1135 1156 
f 1126 1132 1157 
f 1132 1140 1157 
f 1147 1126 1157 
f 1148 1127 1158 
f 1134 1148 1158 
f 1127 1149 1158 
f 1140 1154 1159 
f 1157 1140 1159 
f 1147 1157 1159 
f 1129 1145 1160 
f 1145 1143 1160 
f 1155 1129 1160 
f 1143 1155 1160 
f 1130 1131 1161 
f 1139 1130 1161 
f 1131 1139 1161 
f 1142 1133 1162 
f 1138 1152 1162 
f 1152 1142 1162 
f 1159 1154 1162 
f 1135 1134 1163 
f 1134 1143 1163 
f 1144 1135 1163 
f 1143 1144 1163 
f 1151 1136 1164 
f 1133 1151 1164 
f 1162 1133 1164 
f 1159 1162 1164 
f 1136 1131 1165 
f 1131 1141 1165 
f 1141 1136 1165 
f 1139 1131 1166 
f 1131 1156 1166 
f 1156 1139 1166 
f 1142 1128 1167 
f 1128 1151 1167 
f 1151 1142 1167 
f 1136 1141 1168 
f 1141 1147 1168 
f 1147 1159 1168 
f 1164 1136 1168 
f 1159 1164 1168 
f 1132 1138 1169 
f 1140 1132 1169 
f 1154 1140 1169 
f 1138 1162 1169 
f 1162 1154 1169 
f 1149 1134 1170 
f 1134 1158 1170 
o convex_30
v 0.068075 0.001995 0.003332
v 0.059825 -0.013326 -0.003740
v 0.059825 -0.003898 -0.003740
v 0.068075 -0.013326 0.021010
v 0.069254 -0.013326 0.009222
v 0.068075 0.003174 0.015116
v 0.064539 -0.010968 -0.002560
v 0.063363 0.003174 -0.003740
v 0.061004 0.003174 -0.001382
v 0.069254 0.003174 0.015116
v 0.059825 -0.012147 -0.001382
v 0.069254 -0.013326 0.021010
v 0.069254 -0.000363 0.005689
v 0.065716 0.003174 -0.001382
v 0.062183 -0.013326 -0.003740
v 0.068075 -0.012147 0.021010
v 0.059825 -0.003898 -0.002560
v 0.069254 0.003174 0.006869
v 0.068075 -0.013326 0.005689
v 0.066896 -0.005076 0.000975
v 0.061004 0.003174 -0.003740
v 0.069254 -0.008611 0.006869
v 0.063363 -0.012147 -0.003740
v 0.059825 -0.013326 -0.001382
v 0.064539 -0.013326 -0.001382
v 0.066896 -0.010968 0.002155
v 0.065716 -0.005076 -0.001382
v 0.069254 -0.012147 0.021010
f 1186 1182 1198 
f 1174 1172 1175 
f 1172 1173 1178 
f 1176 1178 1179 
f 1178 1176 1180 
f 1173 1172 1181 
f 1174 1175 1182 
f 1175 1180 1182 
f 1180 1175 1183 
f 1178 1180 1184 
f 1175 1172 1185 
f 1172 1178 1185 
f 1176 1179 1186 
f 1180 1176 1186 
f 1181 1174 1186 
f 1174 1182 1186 
f 1179 1173 1187 
f 1173 1181 1187 
f 1186 1179 1187 
f 1181 1186 1187 
f 1183 1171 1188 
f 1180 1183 1188 
f 1171 1184 1188 
f 1184 1180 1188 
f 1175 1185 1189 
f 1171 1183 1190 
f 1184 1171 1190 
f 1178 1173 1191 
f 1173 1179 1191 
f 1179 1178 1191 
f 1183 1175 1192 
f 1175 1189 1192 
f 1190 1183 1192 
f 1178 1184 1193 
f 1185 1178 1193 
f 1172 1174 1194 
f 1181 1172 1194 
f 1174 1181 1194 
f 1177 1189 1195 
f 1189 1185 1195 
f 1193 1177 1195 
f 1185 1193 1195 
f 1189 1177 1196 
f 1177 1190 1196 
f 1192 1189 1196 
f 1190 1192 1196 
f 1190 1177 1197 
f 1184 1190 1197 
f 1177 1193 1197 
f 1193 1184 1197 
f 1182 1180 1198 
f 1180 1186 1198 
o convex_31
v -0.066278 0.034993 0.022189
v -0.074531 0.003174 0.021009
v -0.074531 0.003174 0.022189
v -0.056852 0.040888 0.016296
v -0.070992 0.020856 0.016296
v -0.056852 0.042065 0.022189
v -0.070992 0.003174 0.016296
v -0.060391 0.043245 0.017476
v -0.070992 0.003174 0.021009
v -0.070992 0.024386 0.022189
v -0.073351 0.010246 0.016296
v -0.063925 0.037350 0.016296
v -0.060391 0.043245 0.022189
v -0.073351 0.014961 0.021009
v -0.067458 0.031459 0.017476
v -0.072172 0.003174 0.022189
v -0.056852 0.043245 0.016296
v -0.073351 0.003174 0.016296
v -0.062746 0.040888 0.021009
v -0.056852 0.040888 0.018654
v -0.074531 0.006712 0.022189
v -0.070992 0.024386 0.021009
v -0.056852 0.043245 0.022189
v -0.068637 0.027917 0.016296
v -0.063925 0.038531 0.018654
v -0.068637 0.030278 0.021009
v -0.059211 0.043245 0.016296
v -0.072172 0.018503 0.018654
v -0.074531 0.006712 0.021009
v -0.073351 0.014961 0.022189
f 1212 1219 1228 
f 1199 1201 1204 
f 1201 1200 1205 
f 1203 1202 1205 
f 1205 1202 1207 
f 1201 1205 1207 
f 1201 1199 1208 
f 1203 1205 1209 
f 1202 1203 1210 
f 1199 1204 1211 
f 1204 1201 1214 
f 1201 1207 1214 
f 1207 1204 1214 
f 1204 1202 1215 
f 1202 1210 1215 
f 1206 1211 1215 
f 1205 1200 1216 
f 1200 1209 1216 
f 1209 1205 1216 
f 1199 1211 1217 
f 1211 1206 1217 
f 1202 1204 1218 
f 1204 1207 1218 
f 1207 1202 1218 
f 1200 1201 1219 
f 1201 1208 1219 
f 1212 1208 1220 
f 1211 1204 1221 
f 1204 1215 1221 
f 1215 1211 1221 
f 1210 1203 1222 
f 1213 1210 1222 
f 1203 1220 1222 
f 1220 1213 1222 
f 1206 1210 1223 
f 1210 1213 1223 
f 1217 1206 1223 
f 1199 1217 1223 
f 1208 1199 1224 
f 1220 1208 1224 
f 1213 1220 1224 
f 1199 1223 1224 
f 1223 1213 1224 
f 1210 1206 1225 
f 1215 1210 1225 
f 1206 1215 1225 
f 1203 1209 1226 
f 1209 1212 1226 
f 1212 1220 1226 
f 1220 1203 1226 
f 1209 1200 1227 
f 1212 1209 1227 
f 1200 1219 1227 
f 1219 1212 1227 
f 1208 1212 1228 
f 1219 1208 1228 
o convex_32
v -0.063924 0.039707 0.022189
v -0.081602 0.003174 0.024547
v -0.081602 0.003174 0.028082
v -0.072170 0.003174 0.022189
v -0.061570 0.042065 0.028082
v -0.072170 0.039707 0.026902
v -0.076884 0.025563 0.023368
v -0.073349 0.003174 0.026902
v -0.058031 0.040888 0.022189
v -0.068642 0.043245 0.023368
v -0.076884 0.027917 0.028082
v -0.080423 0.012604 0.023368
v -0.058031 0.042065 0.024547
v -0.068642 0.043245 0.028082
v -0.075709 0.003174 0.028082
v -0.080423 0.017318 0.026902
v -0.073349 0.016142 0.022189
v -0.076884 0.029101 0.024547
v -0.058031 0.043245 0.022189
v -0.072170 0.003174 0.024547
v -0.080423 0.003174 0.023368
v -0.061570 0.043245 0.028082
v -0.080423 0.017318 0.024547
v -0.074528 0.032635 0.023368
v -0.059210 0.040888 0.025724
v -0.074528 0.003174 0.022189
v -0.069817 0.027917 0.022189
v -0.075709 0.032635 0.026902
v -0.072170 0.039707 0.025724
v -0.081602 0.007889 0.025724
v -0.070991 0.040888 0.028082
v -0.069817 0.043245 0.026902
v -0.079242 0.019680 0.028082
v -0.069817 0.042065 0.023368
v -0.079242 0.022033 0.026902
v -0.058031 0.040888 0.023368
v -0.060391 0.040888 0.026902
v -0.061570 0.043245 0.022189
v -0.079242 0.022033 0.024547
v -0.058031 0.043245 0.024547
v -0.074528 0.010246 0.022189
v -0.081602 0.006712 0.024547
f 1258 1251 1270 
f 1231 1230 1232 
f 1231 1232 1236 
f 1232 1229 1237 
f 1231 1233 1239 
f 1239 1233 1242 
f 1233 1231 1243 
f 1231 1236 1243 
f 1236 1233 1243 
f 1229 1232 1245 
f 1240 1235 1245 
f 1237 1229 1247 
f 1241 1237 1247 
f 1238 1242 1247 
f 1236 1232 1248 
f 1232 1237 1248 
f 1241 1236 1248 
f 1232 1230 1249 
f 1230 1240 1249 
f 1233 1241 1250 
f 1242 1233 1250 
f 1247 1242 1250 
f 1236 1241 1253 
f 1241 1233 1253 
f 1245 1232 1254 
f 1232 1249 1254 
f 1249 1240 1254 
f 1229 1245 1255 
f 1245 1235 1255 
f 1235 1252 1255 
f 1246 1256 1257 
f 1256 1234 1257 
f 1230 1231 1258 
f 1231 1244 1258 
f 1244 1251 1258 
f 1239 1242 1259 
f 1234 1256 1259 
f 1256 1239 1259 
f 1242 1238 1260 
f 1257 1234 1260 
f 1234 1259 1260 
f 1259 1242 1260 
f 1231 1239 1261 
f 1244 1231 1261 
f 1252 1246 1262 
f 1229 1255 1262 
f 1255 1252 1262 
f 1246 1257 1262 
f 1260 1238 1262 
f 1257 1260 1262 
f 1251 1244 1263 
f 1239 1256 1263 
f 1261 1239 1263 
f 1244 1261 1263 
f 1237 1241 1264 
f 1248 1237 1264 
f 1241 1248 1264 
f 1233 1236 1265 
f 1253 1233 1265 
f 1236 1253 1265 
f 1247 1229 1266 
f 1238 1247 1266 
f 1229 1262 1266 
f 1262 1238 1266 
f 1235 1240 1267 
f 1240 1251 1267 
f 1252 1235 1267 
f 1246 1252 1267 
f 1256 1246 1267 
f 1251 1263 1267 
f 1263 1256 1267 
f 1241 1247 1268 
f 1250 1241 1268 
f 1247 1250 1268 
f 1240 1245 1269 
f 1245 1254 1269 
f 1254 1240 1269 
f 1240 1230 1270 
f 1251 1240 1270 
f 1230 1258 1270 
o convex_33
v -0.068635 0.045606 0.025724
v -0.032106 0.064459 0.024547
v -0.032106 0.064459 0.022189
v -0.052137 0.063278 0.024547
v -0.056849 0.043245 0.022189
v -0.061562 0.043245 0.028082
v -0.049784 0.064459 0.028082
v -0.037999 0.063278 0.028082
v -0.062742 0.051495 0.023368
v -0.068635 0.043245 0.028082
v -0.043891 0.060923 0.022189
v -0.032106 0.063278 0.024547
v -0.060386 0.056209 0.026902
v -0.067455 0.043245 0.023368
v -0.048604 0.064459 0.023368
v -0.056849 0.043245 0.024547
v -0.058029 0.047963 0.022189
v -0.067455 0.047963 0.024547
v -0.033286 0.063278 0.025724
v -0.059206 0.057385 0.024547
v -0.032106 0.063278 0.022189
v -0.061562 0.053852 0.028082
v -0.067455 0.047963 0.026902
v -0.059206 0.043245 0.026902
v -0.037999 0.064459 0.028082
v -0.054493 0.059741 0.023368
v -0.053313 0.062098 0.028082
v -0.037999 0.064459 0.022189
v -0.060386 0.044425 0.022189
v -0.066275 0.046782 0.023368
v -0.036822 0.062098 0.026902
v -0.068635 0.044425 0.028082
v -0.068635 0.043245 0.024547
v -0.049784 0.056209 0.022189
v -0.052137 0.063278 0.026902
f 1283 1297 1305 
f 1272 1273 1277 
f 1277 1276 1278 
f 1275 1276 1280 
f 1276 1277 1280 
f 1273 1275 1281 
f 1273 1272 1282 
f 1275 1280 1284 
f 1277 1273 1285 
f 1274 1277 1285 
f 1276 1275 1286 
f 1275 1282 1286 
f 1281 1275 1287 
f 1282 1272 1289 
f 1279 1288 1290 
f 1288 1283 1290 
f 1275 1273 1291 
f 1273 1282 1291 
f 1282 1275 1291 
f 1280 1277 1292 
f 1292 1283 1293 
f 1283 1288 1293 
f 1288 1271 1293 
f 1276 1286 1294 
f 1286 1282 1294 
f 1282 1289 1294 
f 1272 1277 1295 
f 1277 1278 1295 
f 1278 1289 1295 
f 1289 1272 1295 
f 1274 1285 1296 
f 1290 1274 1296 
f 1279 1290 1296 
f 1292 1277 1297 
f 1283 1292 1297 
f 1273 1281 1298 
f 1285 1273 1298 
f 1281 1285 1298 
f 1275 1284 1299 
f 1287 1275 1299 
f 1287 1299 1300 
f 1279 1287 1300 
f 1288 1279 1300 
f 1284 1288 1300 
f 1299 1284 1300 
f 1278 1276 1301 
f 1289 1278 1301 
f 1276 1294 1301 
f 1294 1289 1301 
f 1271 1280 1302 
f 1280 1292 1302 
f 1292 1293 1302 
f 1293 1271 1302 
f 1280 1271 1303 
f 1284 1280 1303 
f 1271 1288 1303 
f 1288 1284 1303 
f 1285 1281 1304 
f 1281 1287 1304 
f 1287 1279 1304 
f 1296 1285 1304 
f 1279 1296 1304 
f 1277 1274 1305 
f 1274 1290 1305 
f 1290 1283 1305 
f 1297 1277 1305 
o convex_34
v -0.046242 0.067996 0.025724
v -0.013246 0.079781 0.028081
v -0.013246 0.078600 0.029260
v -0.014426 0.069176 0.022189
v -0.035634 0.064459 0.028081
v -0.016783 0.079781 0.024547
v -0.035634 0.064459 0.022189
v -0.048603 0.065640 0.028081
v -0.014426 0.073885 0.029260
v -0.029747 0.076244 0.028081
v -0.032097 0.075064 0.024547
v -0.013246 0.072708 0.022189
v -0.037991 0.070355 0.029260
v -0.013246 0.070355 0.025724
v -0.048603 0.064459 0.024547
v -0.029747 0.064459 0.024547
v -0.025037 0.070355 0.022189
v -0.043885 0.069176 0.024547
v -0.036815 0.067996 0.029260
v -0.013246 0.079781 0.024547
v -0.048603 0.064459 0.028081
v -0.022677 0.077422 0.029260
v -0.040348 0.071532 0.026902
v -0.029747 0.064459 0.022189
v -0.016783 0.079781 0.028081
v -0.035634 0.065640 0.022189
v -0.022677 0.078600 0.025724
v -0.015606 0.071532 0.028081
v -0.041528 0.070355 0.028081
v -0.048603 0.065640 0.024547
v -0.013246 0.072708 0.028081
v -0.014426 0.069176 0.023368
v -0.037991 0.072708 0.025724
v -0.015606 0.072708 0.022189
v -0.029747 0.076244 0.025724
v -0.025037 0.077422 0.024547
v -0.013246 0.070355 0.022189
v -0.046242 0.067996 0.026902
v -0.033278 0.064459 0.026902
f 1321 1319 1344 
f 1307 1308 1317 
f 1309 1312 1317 
f 1314 1308 1318 
f 1317 1308 1319 
f 1312 1310 1320 
f 1310 1312 1321 
f 1317 1312 1322 
f 1310 1314 1324 
f 1314 1318 1324 
f 1311 1307 1325 
f 1307 1317 1325 
f 1317 1311 1325 
f 1318 1313 1326 
f 1320 1310 1326 
f 1313 1320 1326 
f 1310 1324 1326 
f 1324 1318 1326 
f 1318 1308 1327 
f 1315 1318 1327 
f 1323 1306 1328 
f 1312 1309 1329 
f 1309 1321 1329 
f 1321 1312 1329 
f 1308 1307 1330 
f 1307 1311 1330 
f 1327 1308 1330 
f 1315 1327 1330 
f 1312 1320 1331 
f 1316 1322 1331 
f 1322 1312 1331 
f 1323 1316 1331 
f 1330 1311 1332 
f 1315 1330 1332 
f 1314 1310 1333 
f 1310 1319 1333 
f 1313 1318 1334 
f 1318 1315 1334 
f 1315 1328 1334 
f 1313 1306 1335 
f 1320 1313 1335 
f 1306 1323 1335 
f 1331 1320 1335 
f 1323 1331 1335 
f 1308 1314 1336 
f 1319 1308 1336 
f 1314 1333 1336 
f 1333 1319 1336 
f 1309 1319 1337 
f 1321 1309 1337 
f 1319 1321 1337 
f 1316 1323 1338 
f 1328 1315 1338 
f 1323 1328 1338 
f 1311 1317 1339 
f 1322 1311 1339 
f 1317 1322 1339 
f 1315 1332 1340 
f 1338 1315 1340 
f 1316 1338 1340 
f 1311 1322 1341 
f 1322 1316 1341 
f 1332 1311 1341 
f 1316 1340 1341 
f 1340 1332 1341 
f 1309 1317 1342 
f 1319 1309 1342 
f 1317 1319 1342 
f 1306 1313 1343 
f 1328 1306 1343 
f 1313 1334 1343 
f 1334 1328 1343 
f 1319 1310 1344 
f 1310 1321 1344 
o convex_35
v -0.013246 0.047961 -0.021417
v 0.009144 0.064459 -0.002563
v 0.009144 0.064459 -0.003743
v 0.017395 0.043245 -0.020238
v -0.013246 0.060921 -0.002563
v 0.018575 0.058566 -0.002563
v 0.016218 0.049141 -0.020238
v -0.013246 0.044427 -0.020238
v -0.008530 0.056209 -0.015525
v -0.013246 0.063280 -0.004920
v 0.018575 0.058566 -0.009632
v 0.003254 0.058566 -0.013166
v 0.003250 0.050316 -0.021417
v 0.017395 0.043245 -0.021417
v -0.002637 0.064459 -0.004920
v 0.018575 0.062100 -0.003743
v -0.010888 0.064459 -0.002563
v 0.017395 0.057387 -0.003743
v -0.013246 0.050316 -0.020238
v 0.012679 0.055028 -0.015525
v -0.013246 0.044427 -0.021417
v -0.008530 0.050316 -0.021417
v 0.017395 0.046784 -0.021417
v 0.018575 0.050318 -0.014345
v 0.012679 0.060921 -0.008456
v -0.010888 0.059741 -0.010811
v -0.013246 0.058566 -0.004920
v 0.013860 0.043245 -0.020238
v -0.004994 0.062100 -0.008456
v 0.003254 0.062100 -0.008456
v -0.013246 0.056209 -0.014345
v 0.005605 0.051495 -0.020238
v 0.018575 0.062100 -0.002563
v 0.017395 0.053852 -0.015525
v 0.017395 0.062100 -0.004920
v 0.018575 0.053852 -0.014345
v -0.010888 0.064459 -0.003743
v 0.011499 0.057387 -0.013166
v 0.012679 0.051495 -0.019059
v 0.010321 0.049141 -0.021417
v 0.005605 0.056209 -0.015525
v -0.009707 0.053852 -0.017881
v -0.002637 0.058566 -0.013166
v 0.018575 0.052675 -0.009632
v -0.013246 0.063280 -0.002563
v -0.012065 0.062100 -0.007277
v 0.016218 0.058566 -0.002563
v 0.009144 0.059741 -0.010811
v 0.015037 0.063280 -0.003743
v 0.012679 0.063280 -0.004920
v 0.000902 0.064459 -0.004920
f 1374 1359 1395 
f 1346 1349 1350 
f 1349 1345 1352 
f 1345 1349 1354 
f 1345 1357 1358 
f 1346 1347 1359 
f 1350 1355 1360 
f 1349 1346 1361 
f 1346 1359 1361 
f 1348 1350 1362 
f 1345 1354 1363 
f 1352 1345 1365 
f 1345 1358 1365 
f 1357 1345 1366 
f 1345 1363 1366 
f 1358 1357 1367 
f 1358 1367 1368 
f 1355 1350 1368 
f 1348 1358 1368 
f 1349 1352 1371 
f 1352 1362 1371 
f 1358 1348 1372 
f 1348 1362 1372 
f 1362 1352 1372 
f 1352 1365 1372 
f 1365 1358 1372 
f 1353 1370 1373 
f 1356 1373 1374 
f 1373 1359 1374 
f 1363 1354 1375 
f 1370 1353 1375 
f 1357 1366 1376 
f 1346 1350 1377 
f 1350 1360 1377 
f 1367 1351 1378 
f 1360 1355 1379 
f 1355 1369 1379 
f 1368 1367 1380 
f 1355 1368 1380 
f 1378 1355 1380 
f 1367 1378 1380 
f 1354 1361 1381 
f 1361 1359 1381 
f 1359 1373 1381 
f 1369 1355 1382 
f 1378 1364 1382 
f 1355 1378 1382 
f 1378 1351 1383 
f 1364 1378 1383 
f 1351 1367 1384 
f 1367 1357 1384 
f 1357 1376 1384 
f 1383 1351 1384 
f 1376 1383 1384 
f 1353 1356 1385 
f 1376 1353 1385 
f 1382 1364 1385 
f 1383 1376 1385 
f 1364 1383 1385 
f 1366 1363 1386 
f 1363 1375 1386 
f 1375 1353 1386 
f 1353 1376 1386 
f 1376 1366 1386 
f 1356 1353 1387 
f 1353 1373 1387 
f 1373 1356 1387 
f 1350 1348 1388 
f 1348 1368 1388 
f 1368 1350 1388 
f 1354 1349 1389 
f 1349 1361 1389 
f 1361 1354 1389 
f 1373 1370 1390 
f 1375 1354 1390 
f 1370 1375 1390 
f 1354 1381 1390 
f 1381 1373 1390 
f 1350 1349 1391 
f 1362 1350 1391 
f 1349 1371 1391 
f 1371 1362 1391 
f 1374 1369 1392 
f 1356 1374 1392 
f 1369 1382 1392 
f 1385 1356 1392 
f 1382 1385 1392 
f 1347 1346 1393 
f 1346 1377 1393 
f 1377 1360 1393 
f 1360 1379 1393 
f 1393 1379 1394 
f 1374 1347 1394 
f 1369 1374 1394 
f 1379 1369 1394 
f 1347 1393 1394 
f 1359 1347 1395 
f 1347 1374 1395 
o convex_36
v 0.052751 0.031460 -0.008451
v 0.044504 0.051495 0.003332
v 0.044504 0.051495 0.002153
v 0.043325 0.031460 -0.011987
v 0.055109 0.031460 0.003332
v 0.057468 0.036174 0.002153
v 0.044504 0.040891 -0.010810
v 0.043325 0.046781 0.003332
v 0.043325 0.032638 -0.016704
v 0.050400 0.042064 -0.002562
v 0.058647 0.031460 0.003332
v 0.043325 0.049138 -0.001383
v 0.052751 0.032638 -0.008451
v 0.051572 0.044421 0.003332
v 0.044504 0.032638 -0.016704
v 0.058647 0.032638 0.000974
v 0.044504 0.031460 -0.016704
v 0.053931 0.031460 0.002153
v 0.044504 0.044421 -0.007274
v 0.051572 0.044421 0.002153
v 0.056288 0.036174 -0.000204
v 0.049221 0.034996 -0.010810
v 0.043325 0.040891 -0.010810
v 0.043325 0.051495 0.003332
v 0.044504 0.049138 -0.001383
v 0.058647 0.033817 0.003332
v 0.050400 0.036174 -0.008451
v 0.057468 0.031460 -0.001383
v 0.053931 0.034996 -0.004919
v 0.057468 0.032638 -0.001383
v 0.045684 0.043243 -0.007274
v 0.049221 0.044421 -0.001383
v 0.053931 0.038534 -0.001383
v 0.044504 0.036174 -0.014346
f 1404 1418 1429 
f 1399 1396 1400 
f 1400 1397 1403 
f 1399 1403 1404 
f 1400 1396 1406 
f 1397 1400 1406 
f 1404 1403 1407 
f 1398 1397 1409 
f 1397 1406 1409 
f 1408 1396 1410 
f 1396 1399 1412 
f 1399 1404 1412 
f 1410 1396 1412 
f 1404 1410 1412 
f 1399 1400 1413 
f 1403 1399 1413 
f 1400 1403 1413 
f 1398 1409 1415 
f 1409 1401 1415 
f 1415 1401 1416 
f 1408 1410 1417 
f 1404 1407 1418 
f 1414 1402 1418 
f 1407 1414 1418 
f 1397 1398 1419 
f 1403 1397 1419 
f 1398 1407 1419 
f 1407 1403 1419 
f 1407 1398 1420 
f 1414 1407 1420 
f 1401 1409 1421 
f 1409 1406 1421 
f 1406 1411 1421 
f 1411 1401 1421 
f 1417 1402 1422 
f 1408 1417 1422 
f 1406 1396 1423 
f 1396 1408 1423 
f 1411 1406 1423 
f 1408 1422 1424 
f 1401 1411 1425 
f 1416 1401 1425 
f 1423 1408 1425 
f 1411 1423 1425 
f 1408 1424 1425 
f 1424 1416 1425 
f 1402 1414 1426 
f 1414 1420 1426 
f 1422 1402 1426 
f 1405 1422 1426 
f 1415 1405 1427 
f 1398 1415 1427 
f 1420 1398 1427 
f 1405 1426 1427 
f 1426 1420 1427 
f 1405 1415 1428 
f 1415 1416 1428 
f 1422 1405 1428 
f 1416 1424 1428 
f 1424 1422 1428 
f 1410 1404 1429 
f 1402 1417 1429 
f 1417 1410 1429 
f 1418 1402 1429 
o convex_37
v 0.062180 0.034999 0.010404
v 0.043325 0.046780 0.003332
v 0.043325 0.046780 0.004512
v 0.044505 0.058564 0.021010
v 0.062180 0.031462 0.021010
v 0.045686 0.052672 0.005690
v 0.056286 0.031462 0.003332
v 0.058645 0.044424 0.019830
v 0.043325 0.053850 0.019830
v 0.055107 0.040891 0.003332
v 0.065718 0.031462 0.021010
v 0.055107 0.046780 0.012759
v 0.059822 0.031462 0.003332
v 0.043325 0.051491 0.003332
v 0.049222 0.055028 0.019830
v 0.056286 0.031462 0.005690
v 0.065718 0.032643 0.018652
v 0.044505 0.055028 0.008047
v 0.043325 0.058564 0.021010
v 0.061003 0.031462 0.018652
v 0.058645 0.044424 0.021010
v 0.061003 0.038535 0.012759
v 0.043325 0.055028 0.021010
v 0.046863 0.055028 0.012759
v 0.052757 0.045602 0.005690
v 0.058645 0.038535 0.006869
v 0.063359 0.031462 0.010404
v 0.059822 0.032643 0.003332
v 0.063359 0.037354 0.019830
v 0.052757 0.051491 0.021010
v 0.057468 0.043246 0.011583
v 0.043325 0.055028 0.008047
v 0.044505 0.051491 0.003332
v 0.044505 0.057383 0.015115
v 0.050399 0.052672 0.015115
v 0.052757 0.051491 0.019830
v 0.063359 0.032643 0.010404
v 0.053936 0.033821 0.003332
v 0.061003 0.032643 0.021010
v 0.045686 0.057383 0.017473
v 0.065718 0.032643 0.021010
v 0.063359 0.034999 0.013938
v 0.059822 0.040891 0.013938
v 0.057468 0.037354 0.003332
f 1466 1457 1473 
f 1431 1432 1438 
f 1436 1431 1439 
f 1433 1434 1440 
f 1434 1436 1440 
f 1436 1439 1442 
f 1440 1436 1442 
f 1431 1438 1443 
f 1439 1431 1443 
f 1436 1434 1445 
f 1434 1433 1448 
f 1443 1438 1448 
f 1438 1432 1449 
f 1432 1445 1449 
f 1445 1434 1449 
f 1433 1440 1450 
f 1434 1448 1452 
f 1448 1438 1452 
f 1435 1447 1453 
f 1451 1430 1455 
f 1439 1454 1455 
f 1440 1442 1456 
f 1446 1440 1456 
f 1442 1439 1457 
f 1456 1442 1457 
f 1437 1450 1458 
f 1444 1433 1459 
f 1433 1450 1459 
f 1450 1437 1459 
f 1441 1437 1460 
f 1454 1441 1460 
f 1451 1455 1460 
f 1455 1454 1460 
f 1447 1443 1461 
f 1443 1448 1461 
f 1439 1443 1462 
f 1447 1435 1462 
f 1443 1447 1462 
f 1435 1454 1462 
f 1454 1439 1462 
f 1448 1433 1463 
f 1447 1461 1463 
f 1461 1448 1463 
f 1435 1453 1464 
f 1454 1435 1464 
f 1441 1454 1464 
f 1437 1441 1465 
f 1459 1437 1465 
f 1444 1459 1465 
f 1464 1444 1465 
f 1441 1464 1465 
f 1455 1430 1466 
f 1446 1456 1466 
f 1456 1457 1466 
f 1432 1431 1467 
f 1431 1436 1467 
f 1445 1432 1467 
f 1436 1445 1467 
f 1438 1449 1468 
f 1449 1434 1468 
f 1434 1452 1468 
f 1452 1438 1468 
f 1433 1444 1469 
f 1453 1447 1469 
f 1463 1433 1469 
f 1447 1463 1469 
f 1464 1453 1469 
f 1444 1464 1469 
f 1440 1446 1470 
f 1450 1440 1470 
f 1446 1458 1470 
f 1458 1450 1470 
f 1430 1451 1471 
f 1458 1446 1471 
f 1451 1458 1471 
f 1466 1430 1471 
f 1446 1466 1471 
f 1437 1458 1472 
f 1458 1451 1472 
f 1460 1437 1472 
f 1451 1460 1472 
f 1439 1455 1473 
f 1457 1439 1473 
f 1455 1466 1473 
o convex_38
v -0.052140 -0.019214 -0.017881
v -0.058028 0.003172 -0.008456
v -0.045068 0.003172 -0.022594
v -0.045068 -0.022752 -0.017881
v -0.046247 0.003172 -0.026132
v -0.061567 -0.010967 -0.009636
v -0.054493 -0.022752 -0.008456
v -0.056851 0.000814 -0.016706
v -0.046247 -0.013325 -0.024950
v -0.061567 0.003172 -0.008456
v -0.058028 -0.022752 -0.008456
v -0.045068 -0.022752 -0.021415
v -0.045068 -0.019214 -0.017881
v -0.055672 -0.010967 -0.016706
v -0.053318 -0.022752 -0.015527
v -0.045068 -0.005078 -0.026132
v -0.060386 0.003172 -0.011992
v -0.046247 -0.005078 -0.026132
v -0.054493 -0.019214 -0.008456
v -0.059207 -0.020394 -0.009636
v -0.046247 -0.022752 -0.021415
v -0.061567 -0.010967 -0.008456
v -0.056851 -0.001543 -0.016706
v -0.055672 -0.015680 -0.015527
v -0.045068 0.003172 -0.026132
v -0.060386 -0.005078 -0.011992
v -0.045068 -0.013325 -0.024950
v -0.061567 0.003172 -0.009636
v -0.058028 -0.014502 -0.013171
v -0.052140 -0.022752 -0.016706
v -0.058028 -0.022752 -0.009636
v -0.053318 -0.015680 -0.017881
v -0.046247 -0.016860 -0.023772
v -0.059207 -0.007435 -0.013171
v -0.047426 -0.006255 -0.024950
f 1496 1491 1508 
f 1475 1476 1478 
f 1475 1478 1483 
f 1480 1475 1483 
f 1477 1480 1484 
f 1480 1483 1484 
f 1476 1477 1485 
f 1477 1484 1485 
f 1476 1475 1486 
f 1477 1476 1486 
f 1480 1477 1486 
f 1485 1484 1488 
f 1476 1485 1489 
f 1478 1481 1490 
f 1483 1478 1490 
f 1481 1478 1491 
f 1478 1489 1491 
f 1489 1482 1491 
f 1475 1480 1492 
f 1486 1475 1492 
f 1480 1486 1492 
f 1485 1488 1494 
f 1483 1479 1495 
f 1484 1483 1495 
f 1479 1493 1495 
f 1493 1484 1495 
f 1490 1481 1496 
f 1481 1491 1496 
f 1488 1493 1497 
f 1478 1476 1498 
f 1476 1489 1498 
f 1489 1478 1498 
f 1479 1490 1499 
f 1490 1496 1499 
f 1482 1489 1500 
f 1489 1485 1500 
f 1479 1483 1501 
f 1490 1479 1501 
f 1483 1490 1501 
f 1479 1487 1502 
f 1493 1479 1502 
f 1487 1497 1502 
f 1497 1493 1502 
f 1474 1482 1503 
f 1494 1488 1503 
f 1488 1497 1503 
f 1488 1484 1504 
f 1484 1493 1504 
f 1493 1488 1504 
f 1482 1474 1505 
f 1487 1482 1505 
f 1497 1487 1505 
f 1474 1503 1505 
f 1503 1497 1505 
f 1485 1494 1506 
f 1482 1500 1506 
f 1500 1485 1506 
f 1503 1482 1506 
f 1494 1503 1506 
f 1487 1479 1507 
f 1496 1487 1507 
f 1479 1499 1507 
f 1499 1496 1507 
f 1482 1487 1508 
f 1491 1482 1508 
f 1487 1496 1508 
o convex_39
v -0.065100 -0.015680 -0.002558
v -0.068636 0.003172 0.010403
v -0.060390 0.003172 -0.004917
v -0.055675 -0.022752 -0.006097
v -0.068636 -0.022752 0.010403
v -0.070994 0.003172 0.006867
v -0.062747 0.003172 -0.008454
v -0.065100 -0.022752 0.010403
v -0.059211 -0.022752 -0.008454
v -0.070994 -0.013325 0.009224
v -0.059211 0.003172 -0.008454
v -0.063922 -0.005078 -0.007274
v -0.069815 -0.008613 0.004508
v -0.066279 -0.022752 0.003330
v -0.055675 -0.022752 -0.008454
v -0.070994 0.003172 0.010403
v -0.055675 -0.021572 -0.006097
v -0.065100 -0.020394 0.010403
v -0.062747 -0.008613 -0.008454
v -0.063922 0.003172 -0.007274
v -0.067458 -0.013325 0.000975
v -0.069815 -0.019214 0.009224
v -0.070994 -0.013325 0.010403
v -0.062747 -0.016860 -0.006097
v -0.059211 0.003172 -0.007274
v -0.055675 -0.019214 -0.008454
v -0.063922 -0.020394 -0.002558
v -0.066279 -0.008613 -0.002558
v -0.070994 -0.006255 0.006867
v -0.068636 -0.015680 0.004508
v -0.063922 -0.010967 -0.006097
v -0.068636 -0.022752 0.009224
v -0.055675 -0.019214 -0.007274
v -0.061569 -0.014502 -0.008454
f 1532 1527 1542 
f 1510 1511 1514 
f 1514 1511 1515 
f 1513 1512 1516 
f 1510 1513 1516 
f 1512 1513 1517 
f 1515 1511 1519 
f 1517 1515 1519 
f 1517 1513 1522 
f 1512 1517 1523 
f 1517 1519 1523 
f 1513 1510 1524 
f 1510 1514 1524 
f 1514 1518 1524 
f 1511 1510 1525 
f 1516 1512 1525 
f 1512 1523 1525 
f 1510 1516 1526 
f 1525 1510 1526 
f 1516 1525 1526 
f 1515 1517 1527 
f 1520 1515 1527 
f 1514 1515 1528 
f 1515 1520 1528 
f 1521 1514 1528 
f 1520 1521 1528 
f 1513 1524 1531 
f 1524 1518 1531 
f 1530 1513 1531 
f 1518 1530 1531 
f 1519 1511 1533 
f 1511 1525 1533 
f 1523 1519 1534 
f 1525 1523 1534 
f 1519 1533 1534 
f 1517 1522 1535 
f 1529 1509 1535 
f 1522 1529 1535 
f 1509 1532 1535 
f 1532 1517 1535 
f 1521 1520 1536 
f 1529 1521 1536 
f 1518 1514 1537 
f 1521 1518 1537 
f 1514 1521 1537 
f 1518 1521 1538 
f 1521 1529 1538 
f 1529 1522 1538 
f 1530 1518 1538 
f 1522 1530 1538 
f 1520 1527 1539 
f 1509 1529 1539 
f 1532 1509 1539 
f 1527 1532 1539 
f 1536 1520 1539 
f 1529 1536 1539 
f 1522 1513 1540 
f 1513 1530 1540 
f 1530 1522 1540 
f 1533 1525 1541 
f 1525 1534 1541 
f 1534 1533 1541 
f 1527 1517 1542 
f 1517 1532 1542 
o convex_40
v -0.068639 -0.026285 0.012761
v -0.072173 0.003174 0.022189
v -0.070996 0.003174 0.019830
v -0.067460 -0.029826 0.022189
v -0.074531 -0.006255 0.021009
v -0.069818 0.003174 0.010403
v -0.072173 0.003174 0.010403
v -0.067460 -0.013326 0.010403
v -0.070996 -0.015677 0.010403
v -0.072173 -0.020397 0.022189
v -0.067460 -0.022748 0.022189
v -0.074531 0.003174 0.022189
v -0.069818 0.003174 0.015118
v -0.067460 -0.023930 0.010403
v -0.073352 -0.005079 0.013940
v -0.073352 -0.015677 0.021009
v -0.069818 -0.027464 0.019830
v -0.074531 0.003174 0.019830
v -0.072173 -0.019218 0.018652
v -0.073352 -0.012153 0.017473
v -0.072173 -0.007434 0.010403
v -0.068639 -0.029826 0.022189
v -0.067460 -0.028643 0.016296
v -0.074531 -0.006255 0.022189
v -0.069818 -0.020397 0.010403
v -0.067460 -0.013326 0.011583
v -0.072173 -0.013326 0.012761
v -0.068639 -0.029826 0.019830
v -0.073352 0.003174 0.013940
v -0.069818 -0.023930 0.013940
v -0.074531 -0.005079 0.019830
v -0.068639 -0.003903 0.010403
v -0.073352 -0.008616 0.015118
v -0.068639 -0.028643 0.016296
v -0.068639 -0.023930 0.010403
f 1572 1567 1577 
f 1544 1545 1548 
f 1544 1548 1549 
f 1549 1548 1550 
f 1549 1550 1551 
f 1546 1544 1552 
f 1545 1544 1553 
f 1544 1546 1553 
f 1546 1550 1553 
f 1544 1549 1554 
f 1552 1544 1554 
f 1548 1545 1555 
f 1545 1553 1555 
f 1550 1546 1556 
f 1551 1550 1556 
f 1547 1554 1560 
f 1554 1549 1560 
f 1552 1558 1561 
f 1559 1552 1561 
f 1558 1547 1562 
f 1561 1558 1562 
f 1549 1551 1563 
f 1557 1549 1563 
f 1546 1552 1564 
f 1552 1559 1564 
f 1543 1556 1565 
f 1556 1546 1565 
f 1554 1547 1566 
f 1552 1554 1566 
f 1547 1558 1566 
f 1558 1552 1566 
f 1551 1556 1567 
f 1553 1550 1568 
f 1555 1553 1568 
f 1561 1562 1569 
f 1563 1551 1569 
f 1551 1567 1569 
f 1567 1561 1569 
f 1546 1564 1570 
f 1564 1559 1570 
f 1565 1546 1570 
f 1549 1557 1571 
f 1560 1549 1571 
f 1557 1560 1571 
f 1559 1561 1572 
f 1561 1567 1572 
f 1547 1560 1573 
f 1560 1557 1573 
f 1562 1547 1573 
f 1550 1548 1574 
f 1548 1555 1574 
f 1568 1550 1574 
f 1555 1568 1574 
f 1557 1563 1575 
f 1569 1562 1575 
f 1563 1569 1575 
f 1573 1557 1575 
f 1562 1573 1575 
f 1543 1565 1576 
f 1570 1559 1576 
f 1565 1570 1576 
f 1572 1543 1576 
f 1559 1572 1576 
f 1556 1543 1577 
f 1567 1556 1577 
f 1543 1572 1577 
o convex_41
v -0.055674 -0.040432 0.012761
v -0.067460 -0.032181 0.018652
v -0.067460 -0.032181 0.022189
v -0.066279 -0.018040 0.010403
v -0.060390 -0.040432 0.010403
v -0.059211 -0.039251 0.022189
v -0.062745 -0.041611 0.022189
v -0.067460 -0.027470 0.010403
v -0.066279 -0.026291 0.022189
v -0.055674 -0.041611 0.010403
v -0.067460 -0.018040 0.011583
v -0.066279 -0.018040 0.011583
v -0.058033 -0.041611 0.021009
v -0.060390 -0.041611 0.011583
v -0.067460 -0.026291 0.022189
v -0.063924 -0.038072 0.016296
v -0.058033 -0.040432 0.021009
v -0.063924 -0.035718 0.011583
v -0.066279 -0.025112 0.021009
v -0.055674 -0.040432 0.010403
v -0.062745 -0.041611 0.021009
v -0.067460 -0.018040 0.010403
v -0.059211 -0.041611 0.022189
v -0.067460 -0.029826 0.013940
f 1585 1595 1601 
f 1580 1579 1584 
f 1583 1580 1584 
f 1579 1580 1585 
f 1581 1582 1585 
f 1580 1583 1586 
f 1582 1581 1587 
f 1585 1580 1588 
f 1578 1581 1589 
f 1581 1588 1589 
f 1587 1578 1590 
f 1584 1587 1590 
f 1582 1587 1591 
f 1587 1584 1591 
f 1580 1586 1592 
f 1588 1580 1592 
f 1578 1589 1594 
f 1590 1578 1594 
f 1583 1590 1594 
f 1585 1582 1595 
f 1582 1591 1595 
f 1593 1579 1595 
f 1591 1593 1595 
f 1586 1583 1596 
f 1589 1588 1596 
f 1592 1586 1596 
f 1588 1592 1596 
f 1583 1594 1596 
f 1594 1589 1596 
f 1581 1578 1597 
f 1578 1587 1597 
f 1587 1581 1597 
f 1584 1579 1598 
f 1591 1584 1598 
f 1579 1593 1598 
f 1593 1591 1598 
f 1581 1585 1599 
f 1585 1588 1599 
f 1588 1581 1599 
f 1583 1584 1600 
f 1590 1583 1600 
f 1584 1590 1600 
f 1579 1585 1601 
f 1595 1579 1601 
o convex_42
v -0.006173 -0.056931 -0.015524
v 0.016218 -0.048683 -0.015524
v 0.016218 -0.054575 -0.009632
v -0.014424 -0.055752 -0.009632
v -0.014424 -0.049863 -0.016704
v 0.013861 -0.059288 -0.010812
v 0.016218 -0.053399 -0.016704
v -0.009709 -0.060468 -0.009632
v -0.013245 -0.054575 -0.016704
v -0.014424 -0.049863 -0.015524
v 0.004427 -0.055752 -0.016704
v 0.006788 -0.060468 -0.010812
v -0.014424 -0.059288 -0.010812
v 0.016218 -0.058109 -0.009632
v 0.016218 -0.048683 -0.016704
v -0.009709 -0.060468 -0.010812
v 0.006788 -0.060468 -0.009632
v 0.012682 -0.054575 -0.009632
v 0.010324 -0.059288 -0.011990
v -0.013245 -0.058109 -0.013168
v -0.014424 -0.053399 -0.016704
v 0.013861 -0.048683 -0.015524
v -0.014424 -0.059288 -0.009632
v 0.016218 -0.055752 -0.014346
v 0.003252 -0.056931 -0.015524
v 0.011503 -0.054575 -0.016704
v -0.006173 -0.055752 -0.016704
f 1610 1612 1628 
f 1603 1604 1608 
f 1604 1605 1609 
f 1606 1608 1610 
f 1606 1605 1611 
f 1610 1608 1612 
f 1605 1606 1614 
f 1608 1604 1615 
f 1604 1609 1615 
f 1603 1608 1616 
f 1608 1606 1616 
f 1602 1613 1617 
f 1613 1609 1617 
f 1609 1614 1617 
f 1609 1613 1618 
f 1613 1607 1618 
f 1607 1615 1618 
f 1615 1609 1618 
f 1604 1603 1619 
f 1605 1604 1619 
f 1611 1605 1619 
f 1607 1613 1620 
f 1610 1602 1621 
f 1614 1610 1621 
f 1602 1617 1621 
f 1617 1614 1621 
f 1606 1610 1622 
f 1614 1606 1622 
f 1610 1614 1622 
f 1606 1611 1623 
f 1603 1616 1623 
f 1616 1606 1623 
f 1619 1603 1623 
f 1611 1619 1623 
f 1609 1605 1624 
f 1605 1614 1624 
f 1614 1609 1624 
f 1608 1615 1625 
f 1615 1607 1625 
f 1607 1620 1625 
f 1602 1612 1626 
f 1613 1602 1626 
f 1612 1620 1626 
f 1620 1613 1626 
f 1612 1608 1627 
f 1620 1612 1627 
f 1608 1625 1627 
f 1625 1620 1627 
f 1602 1610 1628 
f 1612 1602 1628 
o convex_43
v 0.015040 -0.068716 0.005688
v -0.014424 -0.060470 -0.009632
v -0.013245 -0.061649 -0.008454
v -0.014424 -0.067538 0.010403
v 0.016218 -0.055755 -0.008454
v 0.016218 -0.066359 0.010403
v -0.014424 -0.056934 -0.007275
v -0.010888 -0.071074 0.009224
v 0.005609 -0.061649 -0.009632
v 0.002073 -0.067538 -0.000203
v 0.016218 -0.059291 -0.009632
v 0.009146 -0.071074 0.010403
v -0.014424 -0.056934 -0.009632
v -0.003815 -0.066359 -0.002560
v -0.014424 -0.069895 0.008046
v -0.014424 -0.066359 0.009224
v 0.011503 -0.064002 -0.004918
v 0.005609 -0.071074 0.008046
v 0.016218 -0.069895 0.009224
v -0.010888 -0.067538 0.000974
v 0.016218 -0.055755 -0.009632
v 0.015040 -0.056934 -0.006096
v -0.006173 -0.071074 0.008046
v -0.010888 -0.071074 0.010403
v -0.007351 -0.061649 -0.009632
v 0.009146 -0.068716 0.003331
v 0.016218 -0.062827 -0.004918
v -0.013245 -0.064002 -0.004918
v 0.013861 -0.066359 0.010403
v 0.002073 -0.066359 -0.002560
v 0.016218 -0.069895 0.010403
v 0.011503 -0.061649 -0.008454
v -0.004994 -0.067538 -0.000203
v -0.014424 -0.069895 0.010403
v 0.012682 -0.055755 -0.008454
v 0.012682 -0.066359 -0.000203
v 0.007967 -0.065180 -0.003739
v -0.009709 -0.065180 -0.003739
v 0.011503 -0.069895 0.006867
v -0.014424 -0.062827 -0.006096
v -0.013245 -0.068716 0.004510
v 0.009146 -0.071074 0.009224
f 1667 1647 1670 
f 1630 1632 1635 
f 1633 1634 1639 
f 1637 1630 1639 
f 1634 1632 1640 
f 1630 1635 1641 
f 1639 1630 1641 
f 1632 1630 1643 
f 1635 1632 1644 
f 1640 1636 1646 
f 1639 1634 1647 
f 1633 1639 1649 
f 1639 1641 1649 
f 1634 1633 1650 
f 1638 1646 1651 
f 1646 1636 1651 
f 1636 1648 1651 
f 1640 1632 1652 
f 1636 1640 1652 
f 1643 1636 1652 
f 1631 1630 1653 
f 1630 1637 1653 
f 1637 1642 1653 
f 1646 1638 1654 
f 1647 1629 1655 
f 1639 1647 1655 
f 1631 1653 1656 
f 1632 1634 1657 
f 1644 1632 1657 
f 1635 1644 1657 
f 1634 1650 1657 
f 1650 1635 1657 
f 1642 1637 1658 
f 1638 1642 1658 
f 1654 1638 1658 
f 1634 1640 1659 
f 1640 1647 1659 
f 1647 1634 1659 
f 1637 1639 1660 
f 1645 1637 1660 
f 1655 1645 1660 
f 1639 1655 1660 
f 1642 1638 1661 
f 1638 1651 1661 
f 1651 1648 1661 
f 1632 1643 1662 
f 1652 1632 1662 
f 1643 1652 1662 
f 1641 1635 1663 
f 1633 1649 1663 
f 1649 1641 1663 
f 1650 1633 1663 
f 1635 1650 1663 
f 1629 1654 1664 
f 1655 1629 1664 
f 1645 1655 1664 
f 1637 1645 1665 
f 1658 1637 1665 
f 1654 1658 1665 
f 1664 1654 1665 
f 1645 1664 1665 
f 1653 1642 1666 
f 1648 1656 1666 
f 1656 1653 1666 
f 1642 1661 1666 
f 1661 1648 1666 
f 1629 1647 1667 
f 1654 1629 1667 
f 1646 1654 1667 
f 1630 1631 1668 
f 1643 1630 1668 
f 1631 1656 1668 
f 1668 1656 1669 
f 1636 1643 1669 
f 1648 1636 1669 
f 1656 1648 1669 
f 1643 1668 1669 
f 1640 1646 1670 
f 1647 1640 1670 
f 1646 1667 1670 
o convex_44
v 0.016218 -0.068719 0.019830
v -0.014424 -0.071074 0.010404
v -0.014424 -0.072253 0.015118
v 0.011503 -0.072253 0.013940
v 0.015040 -0.066362 0.010404
v -0.014424 -0.071074 0.023366
v 0.006788 -0.074611 0.023366
v -0.014424 -0.067541 0.012762
v 0.016218 -0.072253 0.023366
v 0.016218 -0.069898 0.010404
v -0.008530 -0.074611 0.022187
v 0.006788 -0.072253 0.011583
v 0.013861 -0.069898 0.023366
v -0.014424 -0.067541 0.010404
v -0.002636 -0.073431 0.015118
v -0.014424 -0.073431 0.023366
v 0.015040 -0.073431 0.022187
v -0.014424 -0.069898 0.021009
v 0.016218 -0.066362 0.011583
v 0.003252 -0.074611 0.021009
v -0.007351 -0.072253 0.011583
v 0.012682 -0.071074 0.010404
v 0.016218 -0.071074 0.012762
v 0.006788 -0.074611 0.022187
v -0.008530 -0.074611 0.023366
v 0.015040 -0.068719 0.019830
v 0.016218 -0.069898 0.023366
v -0.014424 -0.073431 0.021009
v -0.010888 -0.072253 0.012762
v -0.003815 -0.074611 0.021009
v 0.015040 -0.066362 0.011583
v 0.015040 -0.073431 0.023366
v 0.000897 -0.073431 0.015118
f 1690 1685 1703 
f 1672 1673 1676 
f 1672 1676 1678 
f 1676 1677 1679 
f 1672 1675 1680 
f 1671 1679 1680 
f 1676 1679 1683 
f 1675 1672 1684 
f 1678 1675 1684 
f 1672 1678 1684 
f 1676 1673 1686 
f 1677 1676 1686 
f 1678 1676 1688 
f 1676 1683 1688 
f 1671 1680 1689 
f 1680 1675 1689 
f 1677 1681 1690 
f 1672 1682 1691 
f 1685 1681 1691 
f 1682 1685 1691 
f 1672 1680 1692 
f 1674 1682 1692 
f 1682 1672 1692 
f 1680 1679 1693 
f 1687 1674 1693 
f 1679 1687 1693 
f 1692 1680 1693 
f 1674 1692 1693 
f 1682 1674 1694 
f 1674 1687 1694 
f 1687 1677 1694 
f 1677 1690 1694 
f 1690 1682 1694 
f 1681 1677 1695 
f 1677 1686 1695 
f 1686 1681 1695 
f 1683 1671 1696 
f 1678 1688 1696 
f 1688 1683 1696 
f 1671 1689 1696 
f 1679 1671 1697 
f 1671 1683 1697 
f 1683 1679 1697 
f 1673 1681 1698 
f 1686 1673 1698 
f 1681 1686 1698 
f 1673 1672 1699 
f 1681 1673 1699 
f 1672 1691 1699 
f 1691 1681 1699 
f 1681 1685 1700 
f 1690 1681 1700 
f 1685 1690 1700 
f 1675 1678 1701 
f 1689 1675 1701 
f 1678 1696 1701 
f 1696 1689 1701 
f 1679 1677 1702 
f 1677 1687 1702 
f 1687 1679 1702 
f 1685 1682 1703 
f 1682 1690 1703 
o convex_45
v -0.006173 -0.081682 0.028081
v 0.016218 -0.069897 0.024547
v 0.016218 -0.069897 0.023367
v -0.014424 -0.071077 0.025725
v 0.016218 -0.074612 0.029260
v 0.004427 -0.081682 0.024547
v -0.014424 -0.073433 0.023367
v -0.014424 -0.075789 0.029260
v 0.016218 -0.079323 0.029260
v -0.013245 -0.080502 0.024547
v 0.016218 -0.079323 0.024547
v -0.014424 -0.079323 0.029260
v 0.012682 -0.072256 0.028081
v 0.010324 -0.074612 0.023367
v -0.014424 -0.071077 0.023367
v 0.015040 -0.080502 0.028081
v -0.014424 -0.073433 0.028081
v 0.009146 -0.080502 0.029260
v 0.004427 -0.081682 0.028081
v 0.016218 -0.071077 0.026902
v -0.013245 -0.074612 0.023367
v -0.014424 -0.080502 0.028081
v 0.016218 -0.080502 0.025725
v -0.007351 -0.081682 0.025725
v -0.009709 -0.080502 0.029260
v 0.016218 -0.073433 0.023367
v -0.014424 -0.080502 0.025725
v 0.012682 -0.080502 0.024547
v -0.001458 -0.081682 0.024547
v 0.006788 -0.081682 0.026902
v 0.013861 -0.069897 0.024547
f 1707 1723 1734 
f 1706 1705 1708 
f 1707 1710 1711 
f 1706 1708 1712 
f 1708 1711 1712 
f 1706 1712 1714 
f 1711 1710 1715 
f 1712 1711 1715 
f 1711 1708 1716 
f 1710 1706 1717 
f 1706 1710 1718 
f 1710 1707 1718 
f 1707 1711 1720 
f 1716 1707 1720 
f 1711 1716 1720 
f 1712 1715 1721 
f 1719 1712 1721 
f 1719 1721 1722 
f 1704 1709 1722 
f 1721 1704 1722 
f 1708 1705 1723 
f 1707 1716 1723 
f 1716 1708 1723 
f 1713 1710 1724 
f 1710 1717 1724 
f 1717 1709 1724 
f 1715 1710 1725 
f 1714 1712 1726 
f 1712 1719 1726 
f 1709 1704 1727 
f 1704 1725 1727 
f 1704 1721 1728 
f 1721 1715 1728 
f 1725 1704 1728 
f 1715 1725 1728 
f 1706 1714 1729 
f 1717 1706 1729 
f 1710 1713 1730 
f 1725 1710 1730 
f 1713 1727 1730 
f 1727 1725 1730 
f 1709 1717 1731 
f 1726 1709 1731 
f 1714 1726 1731 
f 1729 1714 1731 
f 1717 1729 1731 
f 1724 1709 1732 
f 1713 1724 1732 
f 1709 1727 1732 
f 1727 1713 1732 
f 1719 1722 1733 
f 1722 1709 1733 
f 1709 1726 1733 
f 1726 1719 1733 
f 1705 1706 1734 
f 1706 1718 1734 
f 1718 1707 1734 
f 1723 1705 1734 
o convex_46
v 0.028007 -0.064003 0.006867
v 0.016218 -0.052219 -0.016704
v 0.016218 -0.048686 -0.016704
v 0.040968 -0.047505 -0.007272
v 0.039786 -0.052219 0.006867
v 0.016218 -0.065178 0.006867
v 0.022115 -0.061646 -0.003741
v 0.040968 -0.056932 0.005688
v 0.017401 -0.047505 -0.015525
v 0.031539 -0.047505 -0.015525
v 0.040968 -0.046325 -0.002562
v 0.016218 -0.067540 0.004509
v 0.033896 -0.056932 -0.002562
v 0.018578 -0.058108 -0.010809
v 0.029180 -0.046325 -0.016704
v 0.016218 -0.062824 0.004509
v 0.023293 -0.066360 0.005688
v 0.026830 -0.055757 -0.009630
v 0.036251 -0.051043 -0.008453
v 0.019758 -0.052219 -0.016704
v 0.020933 -0.046325 -0.015525
v 0.039786 -0.047505 -0.000204
v 0.016218 -0.064003 -0.002562
v 0.040968 -0.056932 0.006867
v 0.040968 -0.051043 -0.003741
v 0.037429 -0.059289 0.005688
v 0.018578 -0.067540 0.006867
v 0.040968 -0.046325 -0.007272
v 0.028007 -0.059289 -0.003741
v 0.025647 -0.052219 -0.014346
v 0.040968 -0.052219 0.006867
v 0.017401 -0.064003 -0.002562
v 0.016218 -0.059289 -0.009630
v 0.036251 -0.047505 -0.011988
v 0.017401 -0.064003 0.006867
v 0.031539 -0.051043 -0.011988
v 0.020933 -0.046325 -0.016704
v 0.023293 -0.064003 0.000975
v 0.037429 -0.054576 -0.002562
v 0.016218 -0.048686 -0.015525
v 0.039786 -0.046325 -0.002562
v 0.029180 -0.047505 -0.016704
v 0.017401 -0.067540 0.004509
v 0.036251 -0.046325 -0.011988
v 0.024470 -0.059289 -0.006095
v 0.016218 -0.067540 0.006867
v 0.028007 -0.056932 -0.007272
v 0.037429 -0.058108 0.003330
v 0.019758 -0.066360 0.003330
f 1777 1766 1783 
f 1737 1736 1740 
f 1735 1739 1740 
f 1742 1738 1745 
f 1740 1736 1746 
f 1736 1737 1749 
f 1737 1740 1750 
f 1739 1743 1750 
f 1736 1749 1754 
f 1745 1749 1755 
f 1743 1739 1756 
f 1746 1736 1757 
f 1739 1735 1758 
f 1742 1745 1758 
f 1738 1742 1759 
f 1735 1751 1760 
f 1758 1735 1760 
f 1742 1758 1760 
f 1735 1740 1761 
f 1751 1735 1761 
f 1745 1738 1762 
f 1749 1745 1762 
f 1747 1760 1763 
f 1760 1751 1763 
f 1752 1748 1764 
f 1748 1754 1764 
f 1756 1739 1765 
f 1745 1756 1765 
f 1739 1758 1765 
f 1758 1745 1765 
f 1748 1741 1766 
f 1746 1757 1766 
f 1766 1757 1767 
f 1736 1754 1767 
f 1754 1748 1767 
f 1757 1736 1767 
f 1748 1766 1767 
f 1753 1744 1768 
f 1738 1759 1768 
f 1759 1753 1768 
f 1762 1738 1768 
f 1740 1739 1769 
f 1750 1740 1769 
f 1739 1750 1769 
f 1744 1753 1770 
f 1753 1752 1770 
f 1752 1764 1770 
f 1764 1744 1770 
f 1737 1743 1771 
f 1749 1737 1771 
f 1743 1755 1771 
f 1755 1749 1771 
f 1741 1763 1772 
f 1763 1751 1772 
f 1766 1741 1772 
f 1747 1753 1773 
f 1759 1742 1773 
f 1753 1759 1773 
f 1743 1737 1774 
f 1737 1750 1774 
f 1750 1743 1774 
f 1755 1743 1775 
f 1745 1755 1775 
f 1743 1756 1775 
f 1756 1745 1775 
f 1749 1744 1776 
f 1754 1749 1776 
f 1744 1764 1776 
f 1764 1754 1776 
f 1761 1746 1777 
f 1751 1761 1777 
f 1746 1766 1777 
f 1744 1749 1778 
f 1749 1762 1778 
f 1768 1744 1778 
f 1762 1768 1778 
f 1741 1748 1779 
f 1748 1752 1779 
f 1763 1741 1779 
f 1740 1746 1780 
f 1761 1740 1780 
f 1746 1761 1780 
f 1753 1747 1781 
f 1752 1753 1781 
f 1747 1763 1781 
f 1779 1752 1781 
f 1763 1779 1781 
f 1742 1760 1782 
f 1760 1747 1782 
f 1773 1742 1782 
f 1747 1773 1782 
f 1772 1751 1783 
f 1766 1772 1783 
f 1751 1777 1783 
o convex_47
v 0.020935 0.066821 0.023367
v 0.020935 0.078602 0.026902
v 0.024471 0.077423 0.028081
v 0.043323 0.067991 0.024547
v 0.042143 0.059749 0.029260
v 0.018580 0.071529 0.029260
v 0.043323 0.056209 0.023367
v 0.043323 0.067991 0.029260
v 0.018580 0.077423 0.024547
v 0.042143 0.056209 0.025725
v 0.030362 0.075062 0.024547
v 0.018580 0.077423 0.029260
v 0.028005 0.069170 0.023367
v 0.018580 0.069170 0.026902
v 0.036253 0.072708 0.028081
v 0.018580 0.071529 0.023367
v 0.040966 0.058568 0.028081
v 0.032716 0.073885 0.029260
v 0.040966 0.062104 0.023367
v 0.043323 0.059749 0.029260
v 0.023291 0.077423 0.024547
v 0.038609 0.071529 0.025725
v 0.042143 0.056209 0.023367
v 0.020935 0.066821 0.024547
v 0.028005 0.076244 0.025725
v 0.022114 0.077423 0.029260
v 0.039786 0.070350 0.024547
v 0.018580 0.069170 0.023367
v 0.018580 0.078602 0.025725
v 0.019758 0.078602 0.028081
v 0.042143 0.069170 0.028081
v 0.043323 0.056209 0.025725
v 0.043323 0.059749 0.023367
v 0.028005 0.076244 0.028081
v 0.033896 0.073885 0.025725
f 1817 1798 1818 
f 1789 1788 1791 
f 1790 1787 1791 
f 1789 1791 1795 
f 1792 1789 1795 
f 1790 1784 1796 
f 1789 1792 1797 
f 1796 1784 1799 
f 1797 1792 1799 
f 1788 1789 1800 
f 1789 1797 1800 
f 1797 1793 1800 
f 1795 1791 1801 
f 1791 1798 1801 
f 1790 1796 1802 
f 1791 1788 1803 
f 1790 1791 1803 
f 1788 1800 1803 
f 1794 1796 1804 
f 1799 1792 1804 
f 1796 1799 1804 
f 1784 1790 1806 
f 1793 1784 1806 
f 1790 1793 1806 
f 1784 1793 1807 
f 1797 1784 1807 
f 1793 1797 1807 
f 1785 1786 1808 
f 1804 1785 1808 
f 1794 1804 1808 
f 1801 1786 1809 
f 1795 1801 1809 
f 1796 1794 1810 
f 1787 1802 1810 
f 1802 1796 1810 
f 1805 1787 1810 
f 1794 1805 1810 
f 1784 1797 1811 
f 1799 1784 1811 
f 1797 1799 1811 
f 1792 1795 1812 
f 1785 1804 1812 
f 1804 1792 1812 
f 1786 1785 1813 
f 1809 1786 1813 
f 1795 1809 1813 
f 1785 1812 1813 
f 1812 1795 1813 
f 1791 1787 1814 
f 1798 1791 1814 
f 1787 1805 1814 
f 1805 1798 1814 
f 1793 1790 1815 
f 1800 1793 1815 
f 1790 1803 1815 
f 1803 1800 1815 
f 1787 1790 1816 
f 1802 1787 1816 
f 1790 1802 1816 
f 1786 1801 1817 
f 1801 1798 1817 
f 1808 1786 1817 
f 1808 1817 1818 
f 1805 1794 1818 
f 1798 1805 1818 
f 1794 1808 1818 
o convex_48
v 0.025647 -0.069893 0.019829
v 0.040968 -0.053397 0.009226
v 0.040968 -0.053397 0.006867
v 0.016218 -0.065179 0.009226
v 0.038609 -0.059292 0.023367
v 0.038609 -0.059292 0.006867
v 0.016218 -0.069893 0.023367
v 0.018578 -0.068716 0.008046
v 0.039786 -0.062824 0.023367
v 0.016218 -0.072252 0.023367
v 0.016218 -0.067536 0.006867
v 0.033896 -0.065179 0.015117
v 0.039786 -0.053397 0.009226
v 0.040968 -0.060469 0.013942
v 0.016218 -0.068716 0.021009
v 0.024470 -0.066359 0.006867
v 0.040968 -0.058112 0.022188
v 0.019758 -0.072252 0.023367
v 0.016218 -0.065179 0.006867
v 0.017401 -0.071073 0.013942
v 0.036251 -0.065179 0.021009
v 0.023293 -0.068716 0.011582
v 0.026830 -0.069893 0.023367
v 0.039786 -0.058112 0.022188
v 0.029180 -0.066359 0.011582
v 0.040968 -0.056935 0.006867
v 0.040968 -0.061649 0.023367
v 0.016218 -0.069893 0.010406
v 0.020933 -0.071073 0.017472
v 0.039786 -0.053397 0.006867
v 0.039786 -0.062824 0.019829
v 0.026830 -0.068716 0.016293
v 0.016218 -0.072252 0.019829
v 0.026830 -0.069893 0.022188
v 0.033896 -0.064002 0.011582
v 0.032717 -0.066359 0.017472
v 0.019758 -0.072252 0.022188
v 0.040968 -0.059292 0.010406
v 0.020933 -0.068716 0.009226
v 0.036251 -0.065179 0.023367
v 0.020933 -0.069893 0.012763
v 0.039786 -0.061649 0.015117
f 1853 1856 1860 
f 1823 1825 1827 
f 1827 1825 1828 
f 1825 1822 1828 
f 1821 1824 1829 
f 1828 1822 1829 
f 1820 1821 1831 
f 1821 1820 1832 
f 1822 1825 1833 
f 1831 1822 1833 
f 1829 1824 1834 
f 1826 1829 1834 
f 1820 1831 1835 
f 1832 1820 1835 
f 1827 1828 1836 
f 1821 1829 1837 
f 1829 1822 1837 
f 1822 1831 1837 
f 1827 1836 1841 
f 1825 1823 1842 
f 1833 1825 1842 
f 1831 1833 1842 
f 1823 1835 1842 
f 1835 1831 1842 
f 1840 1834 1843 
f 1824 1821 1844 
f 1821 1832 1844 
f 1823 1827 1845 
f 1835 1823 1845 
f 1832 1835 1845 
f 1829 1826 1846 
f 1828 1829 1846 
f 1826 1838 1846 
f 1831 1821 1848 
f 1821 1837 1848 
f 1837 1831 1848 
f 1839 1830 1849 
f 1827 1839 1849 
f 1845 1827 1849 
f 1832 1845 1849 
f 1843 1830 1850 
f 1840 1843 1850 
f 1819 1847 1850 
f 1836 1828 1851 
f 1828 1846 1851 
f 1846 1838 1851 
f 1841 1836 1852 
f 1839 1841 1852 
f 1847 1819 1852 
f 1819 1850 1852 
f 1834 1824 1853 
f 1830 1843 1853 
f 1843 1834 1853 
f 1830 1839 1854 
f 1850 1830 1854 
f 1839 1852 1854 
f 1852 1850 1854 
f 1838 1847 1855 
f 1836 1851 1855 
f 1851 1838 1855 
f 1852 1836 1855 
f 1847 1852 1855 
f 1824 1844 1856 
f 1844 1832 1856 
f 1853 1824 1856 
f 1826 1834 1857 
f 1838 1826 1857 
f 1834 1840 1857 
f 1839 1827 1858 
f 1827 1841 1858 
f 1841 1839 1858 
f 1847 1838 1859 
f 1840 1850 1859 
f 1850 1847 1859 
f 1838 1857 1859 
f 1857 1840 1859 
f 1849 1830 1860 
f 1832 1849 1860 
f 1830 1853 1860 
f 1856 1832 1860 
o convex_49
v 0.020933 -0.079323 0.026902
v 0.040968 -0.059290 0.025725
v 0.040968 -0.059290 0.023367
v 0.016218 -0.069895 0.025725
v 0.040968 -0.069895 0.029260
v 0.016218 -0.073430 0.029260
v 0.032717 -0.074609 0.024547
v 0.016218 -0.072252 0.023367
v 0.039786 -0.062827 0.029260
v 0.016218 -0.079323 0.024547
v 0.040968 -0.069895 0.024547
v 0.016218 -0.078145 0.029260
v 0.033896 -0.074609 0.028081
v 0.030357 -0.068720 0.023367
v 0.016218 -0.069895 0.023367
v 0.038609 -0.059290 0.024547
v 0.038609 -0.060470 0.026902
v 0.025647 -0.076966 0.029260
v 0.040968 -0.071073 0.025725
v 0.017401 -0.069895 0.026902
v 0.026830 -0.076966 0.024547
v 0.040968 -0.062827 0.023367
v 0.020933 -0.072252 0.023367
v 0.040968 -0.062827 0.029260
v 0.038609 -0.059290 0.023367
v 0.019758 -0.079323 0.028081
v 0.038609 -0.061649 0.028081
v 0.033896 -0.074609 0.025725
v 0.028007 -0.076966 0.028081
v 0.018578 -0.079323 0.024547
v 0.037429 -0.072252 0.029260
v 0.016218 -0.079323 0.028081
v 0.028007 -0.076966 0.025725
v 0.038609 -0.072252 0.028081
v 0.020933 -0.079323 0.025725
v 0.037429 -0.072252 0.024547
f 1874 1882 1896 
f 1863 1862 1865 
f 1866 1864 1868 
f 1866 1865 1869 
f 1866 1868 1870 
f 1863 1865 1871 
f 1865 1866 1872 
f 1866 1870 1872 
f 1868 1863 1874 
f 1863 1868 1875 
f 1868 1864 1875 
f 1862 1863 1876 
f 1875 1864 1876 
f 1862 1876 1877 
f 1865 1872 1878 
f 1871 1865 1879 
f 1864 1866 1880 
f 1876 1864 1880 
f 1877 1876 1880 
f 1874 1867 1881 
f 1863 1871 1882 
f 1874 1863 1882 
f 1870 1868 1883 
f 1868 1874 1883 
f 1874 1881 1883 
f 1865 1862 1884 
f 1862 1869 1884 
f 1869 1865 1884 
f 1863 1875 1885 
f 1876 1863 1885 
f 1875 1876 1885 
f 1870 1861 1886 
f 1878 1872 1886 
f 1869 1862 1887 
f 1866 1869 1887 
f 1862 1877 1887 
f 1880 1866 1887 
f 1877 1880 1887 
f 1867 1879 1888 
f 1879 1873 1888 
f 1881 1867 1888 
f 1886 1861 1889 
f 1878 1886 1889 
f 1888 1873 1889 
f 1861 1870 1890 
f 1870 1883 1890 
f 1883 1881 1890 
f 1865 1878 1891 
f 1889 1873 1891 
f 1878 1889 1891 
f 1872 1870 1892 
f 1870 1886 1892 
f 1886 1872 1892 
f 1881 1888 1893 
f 1888 1889 1893 
f 1889 1861 1893 
f 1879 1865 1894 
f 1873 1879 1894 
f 1865 1891 1894 
f 1891 1873 1894 
f 1861 1890 1895 
f 1890 1881 1895 
f 1893 1861 1895 
f 1881 1893 1895 
f 1867 1874 1896 
f 1871 1879 1896 
f 1879 1867 1896 
f 1882 1871 1896 
o convex_50
v -0.054497 0.026742 -0.011988
v -0.067460 0.003177 -0.000206
v -0.067460 0.003177 0.000973
v -0.056854 0.003177 -0.011988
v -0.056854 0.026742 -0.000206
v -0.062742 0.026742 -0.000206
v -0.062742 0.009070 -0.008453
v -0.049781 0.027922 -0.010811
v -0.063921 0.003177 0.000973
v -0.060387 0.003177 -0.011988
v -0.061564 0.027922 0.000973
v -0.049781 0.025565 -0.010811
v -0.066279 0.014961 -0.000206
v -0.059207 0.017315 -0.010811
v -0.056854 0.004356 -0.009632
v -0.061564 0.020851 -0.006096
v -0.049781 0.027922 -0.011988
v -0.058034 0.027922 0.000973
v -0.056854 0.027922 -0.008453
v -0.066279 0.009070 -0.002563
v -0.063921 0.003177 -0.007275
v -0.067460 0.009070 0.000973
v -0.050961 0.026742 -0.008453
v -0.059207 0.012604 -0.011988
v -0.065101 0.019672 0.000973
v -0.063921 0.017315 -0.003741
v -0.058034 0.025565 -0.008453
v -0.056854 0.003177 -0.010811
v -0.061564 0.027922 -0.001384
v -0.049781 0.025565 -0.011988
v -0.061564 0.014961 -0.008453
v -0.065101 0.019672 -0.000206
v -0.067460 0.009070 -0.000206
v -0.055677 0.024385 -0.011988
v -0.053320 0.027922 -0.011988
v -0.060387 0.022028 -0.007275
v -0.050961 0.027922 -0.008453
v -0.058034 0.026742 0.000973
f 1914 1905 1934 
f 1899 1898 1900 
f 1899 1900 1905 
f 1900 1898 1906 
f 1897 1900 1906 
f 1899 1905 1907 
f 1908 1905 1911 
f 1900 1897 1913 
f 1907 1904 1913 
f 1904 1908 1913 
f 1904 1907 1914 
f 1907 1905 1914 
f 1907 1913 1915 
f 1906 1898 1917 
f 1903 1906 1917 
f 1898 1916 1917 
f 1916 1903 1917 
f 1898 1899 1918 
f 1899 1907 1918 
f 1901 1905 1919 
f 1908 1904 1919 
f 1905 1908 1919 
f 1897 1906 1920 
f 1906 1903 1920 
f 1903 1910 1920 
f 1907 1902 1921 
f 1918 1907 1921 
f 1909 1918 1921 
f 1916 1909 1922 
f 1915 1897 1923 
f 1905 1900 1924 
f 1900 1908 1924 
f 1911 1905 1924 
f 1908 1911 1924 
f 1902 1907 1925 
f 1907 1915 1925 
f 1915 1923 1925 
f 1908 1900 1926 
f 1900 1913 1926 
f 1913 1908 1926 
f 1910 1903 1927 
f 1903 1916 1927 
f 1922 1912 1927 
f 1916 1922 1927 
f 1902 1912 1928 
f 1921 1902 1928 
f 1909 1921 1928 
f 1922 1909 1928 
f 1912 1922 1928 
f 1916 1898 1929 
f 1909 1916 1929 
f 1898 1918 1929 
f 1918 1909 1929 
f 1897 1920 1930 
f 1920 1910 1930 
f 1923 1897 1930 
f 1913 1897 1931 
f 1897 1915 1931 
f 1915 1913 1931 
f 1912 1902 1932 
f 1902 1925 1932 
f 1925 1923 1932 
f 1910 1927 1932 
f 1927 1912 1932 
f 1930 1910 1932 
f 1923 1930 1932 
f 1914 1901 1933 
f 1904 1914 1933 
f 1901 1919 1933 
f 1919 1904 1933 
f 1905 1901 1934 
f 1901 1914 1934 
o convex_51
v -0.070994 0.003177 0.006869
v -0.065104 0.027922 0.016296
v -0.067458 0.027922 0.016296
v -0.062748 0.027922 0.000975
v -0.065104 0.003177 0.003332
v -0.070994 0.003177 0.016296
v -0.059210 0.026742 0.003332
v -0.070994 0.018494 0.012760
v -0.067458 0.012604 0.000975
v -0.073350 0.006713 0.016296
v -0.065104 0.003177 0.000975
v -0.069814 0.003177 0.015117
v -0.059210 0.027922 0.000975
v -0.066280 0.025565 0.005690
v -0.065104 0.025565 0.016296
v -0.072172 0.007890 0.010402
v -0.068636 0.026742 0.013938
v -0.067458 0.003177 0.000975
v -0.069814 0.014961 0.006869
v -0.070994 0.019672 0.016296
v -0.073350 0.003177 0.013938
v -0.068636 0.009070 0.002153
v -0.065104 0.022028 0.000975
v -0.059210 0.025565 0.000975
v -0.066280 0.027922 0.008047
v -0.072172 0.014961 0.015117
v -0.072172 0.012604 0.012760
v -0.068636 0.019672 0.006869
v -0.073350 0.003177 0.016296
v -0.059210 0.027922 0.003332
v -0.068636 0.003177 0.002153
v -0.070994 0.006713 0.006869
v -0.068636 0.026742 0.016296
v -0.073350 0.006713 0.015117
v -0.059210 0.025565 0.002153
f 1958 1941 1969 
f 1937 1936 1938 
f 1936 1937 1940 
f 1935 1939 1940 
f 1940 1937 1944 
f 1939 1935 1945 
f 1943 1938 1945 
f 1940 1939 1946 
f 1939 1941 1946 
f 1938 1936 1947 
f 1945 1938 1947 
f 1936 1940 1949 
f 1941 1936 1949 
f 1940 1946 1949 
f 1946 1941 1949 
f 1945 1935 1952 
f 1943 1945 1952 
f 1944 1937 1954 
f 1951 1942 1954 
f 1935 1940 1955 
f 1950 1935 1955 
f 1943 1952 1956 
f 1953 1943 1956 
f 1938 1943 1957 
f 1948 1938 1957 
f 1943 1953 1957 
f 1939 1945 1958 
f 1947 1941 1958 
f 1945 1947 1958 
f 1937 1938 1959 
f 1938 1948 1959 
f 1948 1942 1959 
f 1951 1937 1959 
f 1942 1951 1959 
f 1944 1954 1960 
f 1954 1942 1960 
f 1942 1953 1961 
f 1953 1950 1961 
f 1960 1942 1961 
f 1942 1948 1962 
f 1953 1942 1962 
f 1948 1957 1962 
f 1957 1953 1962 
f 1940 1944 1963 
f 1955 1940 1963 
f 1944 1955 1963 
f 1936 1941 1964 
f 1947 1936 1964 
f 1941 1947 1964 
f 1952 1935 1965 
f 1935 1956 1965 
f 1956 1952 1965 
f 1935 1950 1966 
f 1950 1953 1966 
f 1956 1935 1966 
f 1953 1956 1966 
f 1937 1951 1967 
f 1954 1937 1967 
f 1951 1954 1967 
f 1955 1944 1968 
f 1950 1955 1968 
f 1944 1960 1968 
f 1961 1950 1968 
f 1960 1961 1968 
f 1941 1939 1969 
f 1939 1958 1969 
o convex_52
v -0.054493 0.029103 -0.010809
v -0.036817 0.043245 -0.010809
v -0.036817 0.042067 -0.010809
v -0.055670 0.027924 -0.001382
v -0.050958 0.043245 -0.001382
v -0.048600 0.027924 -0.011990
v -0.041533 0.043245 -0.011990
v -0.046248 0.042067 -0.001382
v -0.059207 0.030282 -0.002563
v -0.052135 0.036171 -0.008453
v -0.059207 0.027924 -0.001382
v -0.053314 0.027924 -0.011990
v -0.045069 0.042067 -0.010809
v -0.047427 0.029103 -0.010809
v -0.050958 0.043245 -0.002563
v -0.036817 0.042067 -0.011990
v -0.056849 0.034998 -0.002563
v -0.048600 0.036171 -0.011990
v -0.058028 0.029103 -0.006098
v -0.046248 0.043245 -0.001382
v -0.056849 0.034998 -0.001382
v -0.046248 0.043245 -0.008453
v -0.059207 0.027924 -0.003740
v -0.052135 0.040886 -0.003740
v -0.048600 0.027924 -0.010809
f 1975 1983 1994 
f 1974 1971 1976 
f 1972 1971 1977 
f 1973 1972 1977 
f 1974 1973 1977 
f 1973 1974 1980 
f 1975 1973 1980 
f 1976 1975 1981 
f 1975 1980 1981 
f 1972 1973 1983 
f 1974 1976 1984 
f 1971 1972 1985 
f 1976 1971 1985 
f 1975 1976 1985 
f 1972 1983 1985 
f 1983 1975 1985 
f 1974 1984 1986 
f 1970 1979 1987 
f 1981 1970 1987 
f 1976 1981 1987 
f 1982 1976 1987 
f 1979 1982 1987 
f 1979 1970 1988 
f 1970 1981 1988 
f 1978 1986 1988 
f 1986 1979 1988 
f 1971 1974 1989 
f 1977 1971 1989 
f 1974 1977 1989 
f 1980 1974 1990 
f 1978 1980 1990 
f 1986 1978 1990 
f 1974 1986 1990 
f 1976 1982 1991 
f 1982 1979 1991 
f 1984 1976 1991 
f 1980 1978 1992 
f 1981 1980 1992 
f 1978 1988 1992 
f 1988 1981 1992 
f 1979 1986 1993 
f 1986 1984 1993 
f 1991 1979 1993 
f 1984 1991 1993 
f 1973 1975 1994 
f 1983 1973 1994 
o convex_53
v -0.055676 0.043245 0.016296
v -0.060386 0.027924 -0.001382
v -0.061565 0.027924 -0.000202
v -0.063922 0.027924 0.015116
v -0.047424 0.042067 0.000978
v -0.059208 0.043245 0.012759
v -0.050962 0.043245 -0.001382
v -0.067458 0.030282 0.016296
v -0.055676 0.029103 -0.001382
v -0.059208 0.038530 0.004511
v -0.066279 0.029103 0.009222
v -0.060386 0.030282 -0.001382
v -0.047424 0.043245 -0.001382
v -0.061565 0.040886 0.016296
v -0.055676 0.042067 0.016296
v -0.067458 0.027924 0.016296
v -0.063922 0.036171 0.012759
v -0.055676 0.029103 -0.000202
v -0.053319 0.043245 0.000978
v -0.056854 0.027924 -0.000202
v -0.054497 0.039707 -0.001382
v -0.063922 0.029103 0.016296
v -0.048605 0.039707 -0.001382
v -0.056854 0.043245 0.006868
v -0.059208 0.043245 0.016296
v -0.066279 0.027924 0.009222
v -0.047424 0.043245 0.000978
v -0.067458 0.030282 0.015116
v -0.063922 0.033819 0.009222
v -0.060386 0.039707 0.009222
v -0.065100 0.034998 0.015116
v -0.059208 0.033819 -0.000202
v -0.061565 0.040886 0.015116
v -0.061565 0.032639 0.016296
v -0.067458 0.027924 0.013936
f 2022 2005 2029 
f 1997 1996 1998 
f 2000 1995 2001 
f 1996 2001 2003 
f 1996 1997 2006 
f 2001 1996 2006 
f 1997 2005 2006 
f 2001 1995 2007 
f 2003 2001 2007 
f 2002 1995 2008 
f 1999 1995 2009 
f 1995 2002 2009 
f 2009 2002 2010 
f 1997 1998 2010 
f 1999 1998 2012 
f 2000 2001 2013 
f 1998 1996 2014 
f 1996 2003 2014 
f 2012 1998 2014 
f 2003 2012 2014 
f 2001 2006 2015 
f 2013 2001 2015 
f 2004 2013 2015 
f 2009 2010 2016 
f 2010 1998 2016 
f 2007 1999 2017 
f 2003 2007 2017 
f 1999 2012 2017 
f 2012 2003 2017 
f 2000 2013 2018 
f 2013 2004 2018 
f 1995 2000 2019 
f 2008 1995 2019 
f 2000 2008 2019 
f 2005 1997 2020 
f 1997 2010 2020 
f 1995 1999 2021 
f 2007 1995 2021 
f 1999 2007 2021 
f 2010 2002 2022 
f 2011 2005 2022 
f 2006 2005 2023 
f 2005 2011 2023 
f 2023 2011 2024 
f 2011 2000 2024 
f 2000 2018 2024 
f 2018 2004 2024 
f 2004 2023 2024 
f 2002 2008 2025 
f 2022 2002 2025 
f 2011 2022 2025 
f 2004 2015 2026 
f 2015 2006 2026 
f 2023 2004 2026 
f 2006 2023 2026 
f 2008 2000 2027 
f 2000 2011 2027 
f 2025 2008 2027 
f 2011 2025 2027 
f 1998 1999 2028 
f 1999 2009 2028 
f 2016 1998 2028 
f 2009 2016 2028 
f 2005 2020 2029 
f 2020 2010 2029 
f 2010 2022 2029 
o convex_54
v -0.046245 0.043245 -0.007274
v -0.032103 0.059745 0.003332
v -0.032103 0.056208 0.003332
v -0.032103 0.045605 -0.011990
v -0.048602 0.043245 0.003332
v -0.033281 0.051495 -0.010811
v -0.047424 0.050318 0.002153
v -0.033281 0.058565 -0.001383
v -0.033281 0.044426 -0.010811
v -0.052138 0.045605 0.003332
v -0.042707 0.044426 -0.010811
v -0.041534 0.051495 -0.003742
v -0.035639 0.043245 -0.011990
v -0.032103 0.050318 -0.011990
v -0.034460 0.059745 0.003332
v -0.049781 0.044426 -0.002562
v -0.052138 0.043245 0.000974
v -0.045064 0.045605 0.003332
v -0.039177 0.056208 0.000974
v -0.040355 0.043245 -0.011990
v -0.037996 0.051495 -0.007274
v -0.032103 0.055031 0.002153
v -0.045064 0.045605 -0.007274
v -0.032103 0.058565 -0.001383
v -0.041534 0.055031 0.003332
v -0.052138 0.045605 0.002153
v -0.037996 0.046782 -0.011990
v -0.048602 0.046782 -0.001383
v -0.034460 0.059745 0.002153
v -0.052138 0.043245 0.003332
v -0.035639 0.043245 -0.010811
v -0.033281 0.056208 -0.004915
v -0.036817 0.050318 -0.009632
v -0.032103 0.045605 -0.010811
v -0.046245 0.044426 -0.007274
v -0.041534 0.053852 -0.000205
v -0.041534 0.055031 0.002153
v -0.032103 0.059745 0.000974
f 2037 2058 2067 
f 2031 2032 2033 
f 2032 2031 2034 
f 2034 2031 2039 
f 2034 2030 2042 
f 2033 2038 2042 
f 2031 2033 2043 
f 2033 2042 2043 
f 2039 2031 2044 
f 2030 2034 2046 
f 2045 2030 2046 
f 2032 2034 2047 
f 2034 2038 2047 
f 2037 2041 2048 
f 2030 2040 2049 
f 2042 2030 2049 
f 2043 2042 2049 
f 2041 2037 2050 
f 2033 2032 2051 
f 2032 2047 2051 
f 2047 2038 2051 
f 2050 2040 2052 
f 2041 2050 2052 
f 2031 2043 2053 
f 2036 2039 2054 
f 2039 2044 2054 
f 2039 2036 2055 
f 2046 2039 2055 
f 2045 2046 2055 
f 2035 2043 2056 
f 2049 2040 2056 
f 2043 2049 2056 
f 2036 2041 2057 
f 2041 2052 2057 
f 2055 2036 2057 
f 2045 2055 2057 
f 2044 2031 2058 
f 2037 2048 2058 
f 2054 2044 2058 
f 2034 2039 2059 
f 2046 2034 2059 
f 2039 2046 2059 
f 2038 2034 2060 
f 2034 2042 2060 
f 2042 2038 2060 
f 2043 2035 2061 
f 2050 2037 2061 
f 2037 2053 2061 
f 2053 2043 2061 
f 2040 2050 2062 
f 2035 2056 2062 
f 2056 2040 2062 
f 2061 2035 2062 
f 2050 2061 2062 
f 2038 2033 2063 
f 2033 2051 2063 
f 2051 2038 2063 
f 2040 2030 2064 
f 2030 2045 2064 
f 2052 2040 2064 
f 2057 2052 2064 
f 2045 2057 2064 
f 2041 2036 2065 
f 2048 2041 2065 
f 2048 2065 2066 
f 2036 2054 2066 
f 2058 2048 2066 
f 2054 2058 2066 
f 2065 2036 2066 
f 2053 2037 2067 
f 2031 2053 2067 
f 2058 2031 2067 
o convex_55
v -0.056852 0.044425 0.009227
v -0.032103 0.065638 0.022189
v -0.032103 0.063279 0.022189
v -0.032103 0.057388 0.003332
v -0.055670 0.043245 0.021009
v -0.046245 0.058565 0.019828
v -0.036821 0.059742 0.004511
v -0.049778 0.043245 0.003332
v -0.060388 0.044425 0.022189
v -0.033282 0.065638 0.015114
v -0.042713 0.055027 0.003332
v -0.034462 0.055027 0.004511
v -0.049778 0.053856 0.012760
v -0.041533 0.062100 0.022189
v -0.054494 0.043245 0.004511
v -0.032103 0.060923 0.003332
v -0.043889 0.058565 0.012760
v -0.053317 0.046783 0.005689
v -0.049778 0.043245 0.005689
v -0.056852 0.047960 0.017475
v -0.032103 0.062100 0.019828
v -0.060388 0.043245 0.022189
v -0.053317 0.044425 0.003332
v -0.056852 0.043245 0.022189
v -0.034462 0.063279 0.009227
v -0.043889 0.056206 0.006868
v -0.058029 0.044425 0.011583
v -0.041533 0.060923 0.015114
v -0.034462 0.065638 0.022189
v -0.047419 0.052677 0.005689
v -0.054494 0.049142 0.012760
v -0.032103 0.065638 0.015114
v -0.046245 0.058565 0.022189
v -0.052137 0.052677 0.016295
v -0.040354 0.059742 0.009227
v -0.036821 0.064459 0.018652
v -0.032103 0.057388 0.005689
v -0.058029 0.043245 0.011583
v -0.033282 0.063279 0.008046
v -0.033282 0.060923 0.003332
v -0.060388 0.044425 0.021009
v -0.039174 0.062100 0.013938
v -0.041533 0.062100 0.021009
v -0.055670 0.045606 0.008046
v -0.041533 0.057388 0.005689
v -0.034462 0.055027 0.003332
v -0.054494 0.044425 0.004511
f 2111 2085 2114 
f 2069 2070 2071 
f 2070 2069 2076 
f 2071 2075 2078 
f 2076 2069 2081 
f 2075 2072 2082 
f 2069 2071 2083 
f 2071 2078 2083 
f 2080 2073 2084 
f 2072 2075 2086 
f 2079 2072 2086 
f 2075 2079 2086 
f 2071 2070 2088 
f 2070 2072 2088 
f 2072 2079 2088 
f 2070 2076 2089 
f 2082 2072 2089 
f 2078 2075 2090 
f 2075 2082 2090 
f 2085 2078 2090 
f 2072 2070 2091 
f 2070 2089 2091 
f 2089 2072 2091 
f 2080 2084 2093 
f 2084 2073 2095 
f 2069 2077 2096 
f 2081 2069 2096 
f 2085 2080 2097 
f 2078 2085 2097 
f 2080 2093 2097 
f 2080 2085 2098 
f 2094 2087 2098 
f 2077 2069 2099 
f 2069 2083 2099 
f 2076 2081 2100 
f 2081 2073 2100 
f 2073 2080 2101 
f 2080 2098 2101 
f 2098 2087 2101 
f 2076 2100 2101 
f 2100 2073 2101 
f 2092 2074 2102 
f 2093 2084 2102 
f 2084 2095 2102 
f 2096 2077 2103 
f 2081 2096 2103 
f 2079 2071 2104 
f 2071 2088 2104 
f 2088 2079 2104 
f 2068 2082 2105 
f 2082 2089 2105 
f 2094 2068 2105 
f 2092 2077 2106 
f 2074 2092 2106 
f 2077 2099 2106 
f 2099 2083 2106 
f 2078 2074 2107 
f 2083 2078 2107 
f 2074 2106 2107 
f 2106 2083 2107 
f 2089 2076 2108 
f 2087 2094 2108 
f 2076 2101 2108 
f 2101 2087 2108 
f 2105 2089 2108 
f 2094 2105 2108 
f 2077 2092 2109 
f 2092 2102 2109 
f 2102 2095 2109 
f 2095 2103 2109 
f 2103 2077 2109 
f 2073 2081 2110 
f 2095 2073 2110 
f 2081 2103 2110 
f 2103 2095 2110 
f 2068 2094 2111 
f 2098 2085 2111 
f 2094 2098 2111 
f 2074 2078 2112 
f 2078 2097 2112 
f 2097 2093 2112 
f 2102 2074 2112 
f 2093 2102 2112 
f 2075 2071 2113 
f 2071 2079 2113 
f 2079 2075 2113 
f 2082 2068 2114 
f 2090 2082 2114 
f 2085 2090 2114 
f 2068 2111 2114 
o convex_56
v -0.030923 0.051497 -0.011990
v -0.013246 0.065638 0.002153
v -0.013246 0.063279 0.002153
v -0.032103 0.056209 0.002153
v -0.013246 0.053852 -0.010810
v -0.029746 0.046781 -0.010810
v -0.021498 0.062101 -0.003740
v -0.013246 0.057387 -0.011990
v -0.030923 0.060922 0.000974
v -0.014425 0.062101 0.002153
v -0.032103 0.046781 -0.011990
v -0.014425 0.065638 -0.000206
v -0.020317 0.058567 -0.009631
v -0.032103 0.055032 -0.007273
v -0.030923 0.055032 0.000974
v -0.017960 0.065638 0.002153
v -0.013246 0.053852 -0.011990
v -0.032103 0.059742 0.002153
v -0.021498 0.056209 -0.011990
v -0.015603 0.062101 -0.006096
v -0.030923 0.055032 -0.008451
v -0.020317 0.064458 -0.000206
v -0.025028 0.060922 -0.003740
v -0.013246 0.059742 -0.009631
v -0.032103 0.046781 -0.010810
v -0.032103 0.059742 -0.000206
v -0.013246 0.064458 -0.002563
v -0.032103 0.050318 -0.011990
v -0.029746 0.046781 -0.011990
v -0.016782 0.057387 -0.011990
v -0.025028 0.063279 0.002153
v -0.017960 0.060922 -0.007273
v -0.017960 0.065638 0.000974
v -0.017960 0.064458 -0.001384
v -0.023850 0.063279 -0.000206
v -0.030923 0.056209 0.002153
v -0.022674 0.058567 -0.008451
f 2135 2137 2151 
f 2117 2116 2118 
f 2116 2117 2119 
f 2116 2119 2122 
f 2117 2118 2124 
f 2119 2117 2124 
f 2120 2119 2124 
f 2115 2122 2125 
f 2125 2118 2128 
f 2120 2124 2129 
f 2118 2116 2130 
f 2116 2126 2130 
f 2119 2120 2131 
f 2122 2119 2131 
f 2125 2122 2131 
f 2128 2118 2132 
f 2118 2130 2132 
f 2122 2115 2133 
f 2115 2128 2135 
f 2133 2115 2135 
f 2116 2122 2138 
f 2125 2120 2139 
f 2118 2125 2139 
f 2129 2118 2139 
f 2120 2129 2139 
f 2128 2132 2140 
f 2132 2123 2140 
f 2135 2128 2140 
f 2123 2137 2140 
f 2137 2135 2140 
f 2126 2116 2141 
f 2134 2126 2141 
f 2116 2138 2141 
f 2138 2134 2141 
f 2115 2125 2142 
f 2125 2128 2142 
f 2128 2115 2142 
f 2120 2125 2143 
f 2131 2120 2143 
f 2125 2131 2143 
f 2122 2133 2144 
f 2133 2127 2144 
f 2138 2122 2144 
f 2123 2132 2145 
f 2132 2130 2145 
f 2127 2121 2146 
f 2134 2138 2146 
f 2144 2127 2146 
f 2138 2144 2146 
f 2130 2126 2147 
f 2123 2145 2147 
f 2145 2130 2147 
f 2126 2134 2148 
f 2121 2136 2148 
f 2146 2121 2148 
f 2134 2146 2148 
f 2147 2126 2148 
f 2136 2147 2148 
f 2136 2121 2149 
f 2121 2137 2149 
f 2137 2123 2149 
f 2123 2147 2149 
f 2147 2136 2149 
f 2124 2118 2150 
f 2118 2129 2150 
f 2129 2124 2150 
f 2121 2127 2151 
f 2127 2133 2151 
f 2133 2135 2151 
f 2137 2121 2151 
o convex_57
v -0.028566 0.064461 0.005689
v -0.013246 0.072709 0.022189
v -0.013246 0.069173 0.022189
v -0.032103 0.064461 0.022189
v -0.013246 0.063284 0.002153
v -0.030923 0.057388 0.004511
v -0.014425 0.066814 0.002153
v -0.032103 0.066814 0.018653
v -0.032103 0.060924 0.002153
v -0.021498 0.069173 0.011583
v -0.030923 0.063284 0.021010
v -0.027388 0.069173 0.022189
v -0.032103 0.057388 0.002153
v -0.013246 0.070350 0.010406
v -0.020317 0.071529 0.021010
v -0.013246 0.063284 0.003332
v -0.017960 0.067993 0.005689
v -0.015603 0.071529 0.015117
v -0.026207 0.067993 0.012759
v -0.023850 0.064461 0.002153
v -0.030923 0.064461 0.008047
v -0.029746 0.057388 0.003332
v -0.023850 0.070350 0.019831
v -0.032103 0.066814 0.022189
v -0.032103 0.057388 0.004511
v -0.013246 0.066814 0.002153
v -0.025028 0.066814 0.008047
v -0.014425 0.069173 0.006868
v -0.028566 0.064461 0.022189
v -0.014425 0.072709 0.021010
v -0.032103 0.065637 0.013936
v -0.029746 0.057388 0.002153
v -0.021498 0.070350 0.016295
v -0.032103 0.063284 0.021010
v -0.016782 0.070350 0.011583
v -0.020317 0.071529 0.022189
v -0.021498 0.067993 0.008047
f 2186 2168 2188 
f 2154 2153 2155 
f 2153 2154 2156 
f 2158 2156 2160 
f 2155 2159 2160 
f 2157 2154 2162 
f 2155 2153 2163 
f 2160 2156 2164 
f 2155 2160 2164 
f 2153 2156 2165 
f 2156 2154 2167 
f 2160 2152 2171 
f 2158 2160 2171 
f 2168 2158 2171 
f 2152 2160 2172 
f 2154 2157 2173 
f 2157 2164 2173 
f 2167 2154 2173 
f 2156 2167 2173 
f 2159 2163 2174 
f 2163 2166 2174 
f 2170 2159 2174 
f 2159 2155 2175 
f 2155 2163 2175 
f 2163 2159 2175 
f 2157 2162 2176 
f 2164 2157 2176 
f 2155 2164 2176 
f 2156 2158 2177 
f 2165 2156 2177 
f 2170 2161 2178 
f 2171 2152 2178 
f 2152 2172 2178 
f 2172 2170 2178 
f 2158 2168 2179 
f 2169 2165 2179 
f 2177 2158 2179 
f 2165 2177 2179 
f 2154 2155 2180 
f 2162 2154 2180 
f 2155 2162 2180 
f 2153 2165 2181 
f 2165 2169 2181 
f 2169 2166 2181 
f 2160 2159 2182 
f 2159 2170 2182 
f 2172 2160 2182 
f 2170 2172 2182 
f 2164 2156 2183 
f 2156 2173 2183 
f 2173 2164 2183 
f 2169 2161 2184 
f 2166 2169 2184 
f 2161 2170 2184 
f 2174 2166 2184 
f 2170 2174 2184 
f 2162 2155 2185 
f 2155 2176 2185 
f 2176 2162 2185 
f 2161 2169 2186 
f 2179 2168 2186 
f 2169 2179 2186 
f 2163 2153 2187 
f 2166 2163 2187 
f 2153 2181 2187 
f 2181 2166 2187 
f 2168 2171 2188 
f 2178 2161 2188 
f 2171 2178 2188 
f 2161 2186 2188 
o convex_58
v 0.038610 0.034995 -0.014347
v 0.030361 0.032638 -0.021417
v 0.042145 0.014960 -0.021417
v 0.040967 0.029102 -0.021417
v 0.043325 0.034995 -0.015526
v 0.036256 0.034995 -0.021417
v 0.042145 0.014960 -0.020239
v 0.043325 0.029102 -0.014347
v 0.032719 0.033817 -0.017883
v 0.043325 0.024391 -0.021417
v 0.039789 0.031459 -0.014347
v 0.030361 0.034995 -0.020239
v 0.043325 0.014960 -0.020239
v 0.030361 0.032638 -0.020239
v 0.042145 0.033817 -0.017883
v 0.043325 0.034995 -0.014347
v 0.042145 0.029102 -0.014347
v 0.030361 0.034995 -0.021417
v 0.036256 0.033817 -0.015526
v 0.043325 0.014960 -0.021417
f 2198 2201 2208 
f 2191 2190 2192 
f 2192 2190 2194 
f 2189 2193 2194 
f 2190 2191 2195 
f 2191 2192 2198 
f 2193 2196 2198 
f 2196 2189 2199 
f 2189 2194 2200 
f 2197 2189 2200 
f 2195 2191 2201 
f 2196 2195 2201 
f 2198 2196 2201 
f 2190 2195 2202 
f 2195 2197 2202 
f 2200 2190 2202 
f 2197 2200 2202 
f 2192 2194 2203 
f 2194 2193 2203 
f 2198 2192 2203 
f 2193 2198 2203 
f 2193 2189 2204 
f 2189 2196 2204 
f 2196 2193 2204 
f 2195 2196 2205 
f 2196 2199 2205 
f 2199 2195 2205 
f 2194 2190 2206 
f 2190 2200 2206 
f 2200 2194 2206 
f 2189 2197 2207 
f 2197 2195 2207 
f 2199 2189 2207 
f 2195 2199 2207 
f 2191 2198 2208 
f 2201 2191 2208 
o convex_59
v 0.038608 0.051487 -0.003742
v 0.017402 0.042070 -0.021417
v 0.017402 0.042070 -0.020237
v 0.043320 0.031460 -0.014346
v 0.018582 0.057385 -0.003742
v 0.023292 0.049133 -0.017883
v 0.035071 0.036178 -0.021417
v 0.042143 0.042067 -0.003742
v 0.019759 0.059744 -0.007278
v 0.043320 0.040896 -0.011990
v 0.042143 0.031460 -0.013166
v 0.017402 0.046777 -0.021417
v 0.031539 0.052669 -0.009631
v 0.029184 0.034996 -0.021417
v 0.024472 0.059744 -0.003742
v 0.043320 0.046774 -0.003742
v 0.035071 0.045609 -0.014346
v 0.038608 0.051487 -0.004922
v 0.043320 0.036178 -0.015526
v 0.028006 0.042070 -0.021417
v 0.018582 0.060924 -0.003742
v 0.020937 0.052672 -0.015526
v 0.017402 0.052672 -0.015526
v 0.024472 0.059744 -0.004922
v 0.026826 0.036178 -0.020237
v 0.043320 0.042067 -0.003742
v 0.043320 0.045609 -0.007278
v 0.028006 0.047957 -0.016704
v 0.025649 0.053852 -0.011990
v 0.038606 0.039711 -0.016704
v 0.035071 0.034996 -0.021417
v 0.031539 0.056205 -0.004922
v 0.040966 0.045609 -0.009631
v 0.017402 0.049133 -0.014346
v 0.042143 0.032639 -0.011990
v 0.019757 0.047957 -0.020237
v 0.035071 0.050316 -0.009631
v 0.018582 0.060924 -0.004922
v 0.035071 0.039711 -0.019059
v 0.043320 0.031460 -0.013166
v 0.020937 0.058565 -0.008456
v 0.020937 0.060924 -0.004922
v 0.038606 0.034996 -0.019059
v 0.036251 0.051487 -0.007278
v 0.019759 0.055029 -0.013166
v 0.018582 0.059744 -0.007278
v 0.031539 0.056205 -0.003742
v 0.018582 0.056205 -0.004922
v 0.029184 0.034996 -0.020237
f 2233 2222 2257 
f 2209 2213 2216 
f 2210 2211 2220 
f 2215 2210 2220 
f 2210 2215 2222 
f 2212 2219 2222 
f 2213 2209 2223 
f 2209 2216 2224 
f 2212 2218 2224 
f 2209 2224 2226 
f 2218 2212 2227 
f 2215 2220 2228 
f 2213 2223 2229 
f 2220 2211 2231 
f 2230 2220 2231 
f 2211 2210 2233 
f 2219 2211 2233 
f 2210 2222 2233 
f 2212 2224 2234 
f 2224 2216 2234 
f 2224 2218 2235 
f 2226 2224 2235 
f 2221 2225 2236 
f 2228 2214 2236 
f 2225 2228 2236 
f 2214 2230 2236 
f 2236 2230 2237 
f 2221 2236 2237 
f 2225 2218 2238 
f 2227 2215 2238 
f 2218 2227 2238 
f 2222 2215 2239 
f 2212 2222 2239 
f 2209 2226 2240 
f 2232 2223 2240 
f 2221 2237 2240 
f 2237 2232 2240 
f 2218 2225 2241 
f 2235 2218 2241 
f 2211 2213 2242 
f 2213 2229 2242 
f 2231 2211 2242 
f 2229 2231 2242 
f 2216 2213 2243 
f 2213 2219 2243 
f 2234 2216 2243 
f 2228 2220 2244 
f 2214 2228 2244 
f 2230 2214 2244 
f 2220 2230 2244 
f 2225 2221 2245 
f 2241 2225 2245 
f 2231 2229 2246 
f 2215 2228 2247 
f 2228 2225 2247 
f 2225 2238 2247 
f 2238 2215 2247 
f 2219 2212 2248 
f 2212 2234 2248 
f 2243 2219 2248 
f 2234 2243 2248 
f 2217 2232 2249 
f 2237 2230 2249 
f 2232 2237 2249 
f 2229 2223 2250 
f 2223 2232 2250 
f 2232 2217 2250 
f 2246 2229 2250 
f 2217 2246 2250 
f 2227 2212 2251 
f 2215 2227 2251 
f 2239 2215 2251 
f 2212 2239 2251 
f 2226 2235 2252 
f 2221 2240 2252 
f 2240 2226 2252 
f 2235 2241 2252 
f 2245 2221 2252 
f 2241 2245 2252 
f 2230 2231 2253 
f 2217 2249 2253 
f 2249 2230 2253 
f 2231 2246 2254 
f 2246 2217 2254 
f 2217 2253 2254 
f 2253 2231 2254 
f 2223 2209 2255 
f 2209 2240 2255 
f 2240 2223 2255 
f 2213 2211 2256 
f 2211 2219 2256 
f 2219 2213 2256 
f 2222 2219 2257 
f 2219 2233 2257 
o convex_60
v 0.043323 0.059745 0.021008
v 0.019758 0.071531 0.023367
v 0.019758 0.071531 0.022187
v 0.042143 0.052674 0.012762
v 0.026828 0.066813 0.011582
v 0.018580 0.067994 0.023367
v 0.018580 0.065635 0.011582
v 0.042143 0.056210 0.023367
v 0.043323 0.057390 0.011582
v 0.038609 0.063278 0.023367
v 0.018580 0.069172 0.011582
v 0.032716 0.065635 0.017475
v 0.043323 0.052674 0.011582
v 0.026828 0.069172 0.022187
v 0.018580 0.065635 0.013940
v 0.042143 0.055033 0.021008
v 0.038609 0.062102 0.016298
v 0.043323 0.056210 0.023367
v 0.036253 0.062102 0.011582
v 0.022114 0.069172 0.013940
v 0.018580 0.071531 0.023367
v 0.043323 0.059745 0.023367
v 0.029185 0.066813 0.015119
v 0.036253 0.064459 0.021008
v 0.040966 0.060925 0.017475
v 0.042143 0.052674 0.011582
v 0.026828 0.069172 0.023367
v 0.032716 0.064459 0.012762
v 0.024471 0.069172 0.017475
v 0.019758 0.069172 0.011582
v 0.042143 0.060925 0.022187
v 0.043323 0.055033 0.021008
v 0.029185 0.067994 0.021008
f 2280 2286 2290 
f 2259 2263 2265 
f 2264 2262 2266 
f 2259 2265 2267 
f 2264 2263 2268 
f 2262 2264 2268 
f 2266 2258 2270 
f 2264 2266 2270 
f 2260 2259 2271 
f 2261 2263 2272 
f 2264 2261 2272 
f 2263 2264 2272 
f 2263 2261 2273 
f 2265 2263 2273 
f 2267 2265 2275 
f 2270 2258 2275 
f 2265 2273 2275 
f 2266 2262 2276 
f 2259 2260 2278 
f 2263 2259 2278 
f 2260 2268 2278 
f 2268 2263 2278 
f 2267 2275 2279 
f 2275 2258 2279 
f 2274 2269 2281 
f 2274 2281 2282 
f 2258 2266 2282 
f 2266 2276 2282 
f 2276 2274 2282 
f 2261 2264 2283 
f 2270 2261 2283 
f 2264 2270 2283 
f 2259 2267 2284 
f 2271 2259 2284 
f 2267 2281 2284 
f 2269 2274 2285 
f 2276 2262 2285 
f 2274 2276 2285 
f 2280 2269 2285 
f 2262 2280 2285 
f 2260 2271 2286 
f 2277 2260 2286 
f 2262 2277 2286 
f 2280 2262 2286 
f 2268 2260 2287 
f 2262 2268 2287 
f 2260 2277 2287 
f 2277 2262 2287 
f 2279 2258 2288 
f 2267 2279 2288 
f 2281 2267 2288 
f 2282 2281 2288 
f 2258 2282 2288 
f 2261 2270 2289 
f 2273 2261 2289 
f 2270 2275 2289 
f 2275 2273 2289 
f 2269 2280 2290 
f 2281 2269 2290 
f 2271 2284 2290 
f 2284 2281 2290 
f 2286 2271 2290 
o convex_61
v 0.015037 0.069172 0.008045
v -0.013246 0.060925 -0.002561
v -0.013246 0.060925 -0.001382
v 0.018575 0.059745 -0.000203
v -0.013246 0.067995 0.013939
v -0.009707 0.065638 -0.002561
v 0.018575 0.066816 0.013939
v -0.012065 0.071531 0.012760
v 0.017395 0.063281 -0.002561
v 0.010324 0.071531 0.013939
v 0.002076 0.070351 0.006865
v 0.004428 0.065638 -0.002561
v 0.017395 0.065638 0.012760
v 0.018575 0.069172 0.010402
v 0.018575 0.059745 -0.002561
v -0.013246 0.064460 -0.002561
v -0.012065 0.069172 0.005689
v -0.013246 0.070351 0.013939
v -0.003814 0.071531 0.010402
v 0.010324 0.067995 0.003332
v 0.018575 0.065638 0.002153
v 0.018575 0.069172 0.013939
v -0.004994 0.070351 0.006865
v 0.010324 0.071531 0.012760
v -0.013246 0.066816 0.011581
v 0.013860 0.065638 -0.000203
v 0.011499 0.070351 0.009224
v -0.013246 0.069172 0.006865
v 0.017395 0.059745 -0.000203
v -0.012065 0.071531 0.013939
v 0.003254 0.071531 0.010402
v 0.016218 0.070351 0.012760
v 0.016218 0.067995 0.005689
v 0.013860 0.059745 -0.002561
v 0.018575 0.062104 -0.002561
v 0.010324 0.065638 -0.001382
v 0.005608 0.066816 -0.000203
v -0.009707 0.071531 0.011581
v 0.018575 0.065638 0.012760
v 0.007966 0.070351 0.008045
f 2321 2314 2330 
f 2292 2293 2295 
f 2292 2296 2299 
f 2295 2297 2300 
f 2299 2296 2302 
f 2296 2301 2302 
f 2297 2295 2303 
f 2297 2294 2304 
f 2292 2299 2305 
f 2304 2294 2305 
f 2292 2295 2306 
f 2296 2292 2306 
f 2296 2306 2307 
f 2295 2300 2308 
f 2306 2295 2308 
f 2298 2300 2309 
f 2304 2305 2311 
f 2300 2297 2312 
f 2297 2304 2312 
f 2301 2296 2313 
f 2296 2307 2313 
f 2309 2301 2313 
f 2309 2300 2314 
f 2295 2293 2315 
f 2303 2295 2315 
f 2311 2299 2316 
f 2304 2291 2317 
f 2298 2307 2318 
f 2307 2306 2318 
f 2308 2298 2318 
f 2306 2308 2318 
f 2294 2303 2319 
f 2305 2294 2319 
f 2315 2293 2319 
f 2303 2315 2319 
f 2300 2298 2320 
f 2308 2300 2320 
f 2298 2308 2320 
f 2301 2309 2321 
f 2309 2314 2321 
f 2300 2312 2322 
f 2312 2304 2322 
f 2314 2300 2322 
f 2304 2317 2322 
f 2317 2314 2322 
f 2291 2304 2323 
f 2304 2311 2323 
f 2316 2310 2323 
f 2311 2316 2323 
f 2317 2291 2323 
f 2310 2317 2323 
f 2293 2292 2324 
f 2292 2305 2324 
f 2319 2293 2324 
f 2305 2319 2324 
f 2305 2299 2325 
f 2299 2311 2325 
f 2311 2305 2325 
f 2299 2302 2326 
f 2316 2299 2326 
f 2310 2316 2326 
f 2302 2301 2327 
f 2301 2310 2327 
f 2326 2302 2327 
f 2310 2326 2327 
f 2307 2298 2328 
f 2298 2309 2328 
f 2313 2307 2328 
f 2309 2313 2328 
f 2294 2297 2329 
f 2303 2294 2329 
f 2297 2303 2329 
f 2310 2301 2330 
f 2317 2310 2330 
f 2314 2317 2330 
f 2301 2321 2330 
o convex_62
v 0.018575 0.072708 0.029260
v -0.013246 0.067996 0.013939
v -0.013246 0.067996 0.015118
v 0.018575 0.066817 0.017475
v 0.004428 0.072708 0.015118
v -0.013246 0.072708 0.028081
v 0.017395 0.069175 0.026901
v 0.017395 0.070352 0.013939
v -0.013246 0.073888 0.023365
v 0.018575 0.073888 0.025724
v -0.013246 0.071530 0.013939
v -0.013246 0.070352 0.025724
v 0.018575 0.066817 0.013939
v -0.013246 0.073888 0.028081
v 0.017395 0.067996 0.023365
v -0.004994 0.073888 0.021013
v 0.018575 0.073888 0.029260
v 0.012679 0.071530 0.013939
v -0.006169 0.072708 0.015118
v 0.018575 0.070352 0.028081
v -0.013246 0.069175 0.021013
v 0.018575 0.070352 0.015118
v 0.000902 0.073888 0.021013
v 0.013860 0.072708 0.029260
v 0.016218 0.070352 0.028081
v 0.015037 0.066817 0.013939
v 0.017395 0.066817 0.017475
v 0.018575 0.069175 0.026901
f 2350 2337 2358 
f 2332 2333 2336 
f 2332 2336 2339 
f 2331 2334 2340 
f 2338 2332 2341 
f 2332 2339 2341 
f 2336 2333 2342 
f 2332 2338 2343 
f 2340 2334 2343 
f 2339 2336 2344 
f 2340 2339 2344 
f 2337 2342 2345 
f 2339 2340 2346 
f 2331 2340 2347 
f 2340 2344 2347 
f 2340 2338 2348 
f 2335 2340 2348 
f 2338 2341 2348 
f 2341 2335 2348 
f 2335 2341 2349 
f 2341 2339 2349 
f 2339 2346 2349 
f 2346 2335 2349 
f 2334 2331 2350 
f 2342 2333 2351 
f 2345 2342 2351 
f 2338 2340 2352 
f 2343 2338 2352 
f 2340 2343 2352 
f 2340 2335 2353 
f 2346 2340 2353 
f 2335 2346 2353 
f 2344 2336 2354 
f 2331 2347 2354 
f 2347 2344 2354 
f 2350 2331 2354 
f 2350 2354 2355 
f 2336 2342 2355 
f 2342 2337 2355 
f 2337 2350 2355 
f 2354 2336 2355 
f 2333 2332 2356 
f 2332 2343 2356 
f 2343 2334 2356 
f 2334 2345 2357 
f 2351 2333 2357 
f 2345 2351 2357 
f 2333 2356 2357 
f 2356 2334 2357 
f 2345 2334 2358 
f 2337 2345 2358 
f 2334 2350 2358 
o convex_63
v -0.013246 0.073888 0.025725
v 0.007966 0.080959 0.026903
v 0.007966 0.080959 0.025725
v 0.018575 0.073888 0.025725
v 0.018575 0.073888 0.029260
v -0.013246 0.078602 0.029260
v -0.013246 0.079780 0.024546
v 0.018575 0.078602 0.029260
v 0.018575 0.078602 0.024546
v -0.013246 0.075067 0.029260
v -0.009707 0.073888 0.024546
v -0.008530 0.080959 0.028081
v 0.018575 0.075067 0.024546
v -0.003814 0.080959 0.024546
v -0.013246 0.073888 0.028081
v 0.010324 0.079780 0.029260
v -0.010888 0.080959 0.025725
v 0.015037 0.079780 0.028081
v -0.008530 0.079780 0.029260
v 0.005608 0.080959 0.024546
v 0.006786 0.080959 0.028081
v 0.007966 0.073888 0.024546
v -0.013246 0.079780 0.028081
v -0.013246 0.076245 0.024546
v 0.009144 0.073888 0.029260
v 0.013860 0.079780 0.024546
f 2367 2378 2384 
f 2359 2362 2363 
f 2359 2364 2365 
f 2363 2362 2366 
f 2364 2363 2366 
f 2366 2362 2367 
f 2363 2364 2368 
f 2364 2359 2368 
f 2362 2359 2369 
f 2365 2367 2369 
f 2360 2361 2370 
f 2367 2362 2371 
f 2369 2367 2371 
f 2367 2365 2372 
f 2370 2361 2372 
f 2359 2363 2373 
f 2368 2359 2373 
f 2364 2366 2374 
f 2372 2365 2375 
f 2370 2372 2375 
f 2361 2360 2376 
f 2366 2367 2376 
f 2370 2364 2377 
f 2364 2374 2377 
f 2374 2370 2377 
f 2372 2361 2378 
f 2367 2372 2378 
f 2360 2370 2379 
f 2374 2366 2379 
f 2370 2374 2379 
f 2376 2360 2379 
f 2366 2376 2379 
f 2362 2369 2380 
f 2371 2362 2380 
f 2369 2371 2380 
f 2365 2364 2381 
f 2364 2370 2381 
f 2375 2365 2381 
f 2370 2375 2381 
f 2359 2365 2382 
f 2369 2359 2382 
f 2365 2369 2382 
f 2363 2368 2383 
f 2373 2363 2383 
f 2368 2373 2383 
f 2361 2376 2384 
f 2376 2367 2384 
f 2378 2361 2384 
